:020000040800F2
:1000000000040020B9010008BB010008BB01000882
:10001000BB010008BB010008BB010008BB010008D0
:10002000BB010008BB010008BB01000845A900088E
:10003000BB010008BB010008BB01000853BE00085B
:10004000BB010008BB010008BB010008BB010008A0
:10005000BB010008BB01000875BB00089DBB000880
:10006000C5BB0008EDBB000815BC0008BB010008BB
:10007000BB010008BB010008CDC80008BB01000897
:100080003DBC0008BB01000871C10008BB010008AD
:1000900085C10008BB01000859BF000889C10008DC
:1000A000BB010008BB010008B9C40008CDC40008AA
:1000B000BB010008BB01000899C20008BB01000891
:1000C000ADC20008A1BC0008BB010008BB010008CC
:1000D000BB010008BB010008BB010008BB01000810
:1000E00072B6264880F30888254880F30988254899
:1000F00025490860022080F31488BFF36F8F0AF04F
:10010000F5F809F059FC4FF0553020491B4A91424F
:100110003CBF41F8040BFAE71D49194A91423CBF24
:1001200041F8040BFAE71B491B4A1C4B9A423EBF9D
:1001300051F8040B42F8040BF8E700201849194A5B
:1001400091423CBF41F8040BFAE70AF0D3F80AF0F9
:10015000CEF8154C154DAC4203DA54F8041B884711
:10016000F9E707F025F8124C124DAC4203DA54F8C7
:10017000041B8847F9E70AF0BBB800000004002020
:10018000000C00200000000808ED00E00000002046
:1001900000040020B0EB0008000C0020D411002067
:1001A000D8110020E4490020E0000008E000000829
:1001B000E0000008E000000892E704F0ABFFFEE773
:1001C0002DE9F04FC1F80CD0C3689D46BDE8F08F13
:1001D000002383F311882846A04700200AF0B8FACC
:1001E000FEE70AF0E9F900DFFEE7000053B94AB97B
:1001F000002908BF00281CBF4FF0FF314FF0FF302F
:1002000000F08AB9ADF1080C6DE904CE00F01AF8DF
:10021000DDF804E0DDE9022304B07047430803F091
:100220005533C01A830803F0333300F033301844D9
:1002300000EB101000F00F3000EB002000EB00404E
:10024000000E70472DE9F047089E0D46044688468B
:10025000002B4DD18A42944668D9B2FA82F252B14B
:1002600001FA02F3C2F1200120FA01F10CFA02FCBA
:1002700041EA030894404FEA1C41B8FBF1F71FFA2A
:100280008CFE01FB178807FB0EF0230C43EA0843A2
:1002900098420AD91CEB030307F1FF3580F01E8159
:1002A000984240F21B81023F63441B1AB3FBF1F0FA
:1002B00001FB103300FB0EFEA4B244EA0344A64542
:1002C0000AD91CEB040400F1FF3380F00981A64534
:1002D00040F20681644402380021A4EB0E0440EA97
:1002E00007401EB10023D440C6E90043BDE8F087B3
:1002F0008B4208D9002E00F0EE800021C6E90005EF
:100300000846BDE8F087B3FA83F100294AD1AB4231
:1003100002D3824200F2FC80841A65EB03030120C1
:100320009846002EE2D0C6E90048DFE702B9FFDEBA
:10033000B2FA82F2002A40F09180A1EB0C00012178
:100340004FEA1C471FFA8CFEB0FBF7F307FB1300C4
:10035000250C45EA00450EFB03F0A84208D91CEB2A
:10036000050503F1FF3802D2A84200F2CE804346D1
:100370002D1AB5FBF7F007FB10550EFB00FEA4B2DB
:1003800044EA0544A64508D91CEB040400F1FF35F6
:1003900002D2A64500F2B6802846A4EB0E0440EA3D
:1003A00003409EE7C1F120078B4022FA07FC4CEA8C
:1003B000030C25FA07FA4FEA1C49BAFBF9F820FAB0
:1003C00007F309FB18AA8D401FFA8CFE1D4300FAA3
:1003D00001F308FB0EF02C0C44EA0A44A04202FA96
:1003E00001F20BD91CEB040408F1FF3A80F088807D
:1003F000A04240F28580A8F102086444241AB4FBAC
:10040000F9F009FB104400FB0EFEADB245EA0444CE
:10041000A64508D91CEB040400F1FF356CD2A645B3
:100420006AD90238644440EA0840A0FB0295A4EB74
:100430000E04AC42C846AE4656D353D0002E69D007
:10044000B3EB080264EB0E0422FA01F304FA07F797
:100450001F43CC40C6E90074002147E70CFA02FCB8
:10046000C2F1200125FA01F34FEA1C4720FA01F1FD
:1004700095400D43B3FBF7F107FB11331FFA8CFED8
:10048000280C40EA034001FB0EF3834204FA02F415
:1004900008D91CEB000001F1FF382FD283422DD97F
:1004A00002396044C01AB0FBF7F307FB1300ADB28A
:1004B00045EA004503FB0EF0A84208D91CEB0505F0
:1004C00003F1FF3816D2A84214D9023B6544281A1A
:1004D00043EA014138E73146304607E72F46E4E674
:1004E0001846F9E64B45A9D2B9EB020865EB0C0EAC
:1004F0000138A3E74346EAE7284694E74146D1E7B7
:10050000D0467BE76444023847E7023B65442FE767
:10051000084606E73146E9E6704700BF062008B501
:1005200000F00EFA01200BF0A5F900BF032A10B568
:1005300016D940EA010C1CF0030F04460B4622D1E9
:1005400019462046D1F800E0D0F800C00433F44545
:1005500004F1040417D1043A032A20461946EFD8BF
:10056000541EA2B100F1FF3C013901E0C3180CD0C8
:100570001CF801EF11F8012FA4EB0C039645F5D000
:10058000AEEB020010BD541EECE7184610BD10463D
:1005900010BD00BF844641EA000313F0030349D1B4
:1005A000403A23D30B6803604B6843608B688360D9
:1005B000CB68C3600B6903614B6943618B698361DD
:1005C000CB69C3610B6A03624B6A43628B6A8362C5
:1005D000CB6AC3620B6B03634B6B43638B6B8363AD
:1005E000CB6BC36340304031403ADBD230320BD367
:1005F0000B6803604B6843608B688360CB68C360A3
:1006000010301031103AF3D20C3205D351F8043BBC
:1006100040F8043B043AF9D2043208D0D2071CBF98
:1006200011F8013B00F8013B01D30B8803806046C1
:10063000704700BF082A13D38B07B1D010F0030313
:10064000AED0C3F10403D21ADB071CBF11F8013B83
:1006500000F8013BA4D331F8023B20F8023B9FE7AE
:10066000043AD9D3013A11F8013B00F8013BF9D221
:100670000B7803704B7843708B78837060467047BB
:10068000830730B548D0541E002A3FD00346CAB273
:1006900001E0013C3AD303F8012B9D07F9D1032C6B
:1006A0002DD9CDB245EA05250F2C45EA054536D9A9
:1006B000A4F1100222F00F0C03F1200EE6444FEAE1
:1006C000121C03F1100242E9045542E902551032AE
:1006D0007245F8D10CF1010214F00C0F03EB021279
:1006E00004F00F0C13D0ACF1040323F00303043324
:1006F000134442F8045B9342FBD10CF003042CB189
:10070000CAB21C4403F8012B9C42FBD130BD6446A5
:100710001346002CF4D1F9E703461446BFE71A4606
:10072000A446E0E738B5124B04461D68AA6B1AB11F
:100730000023C2E9044338BD182000F02DFA024618
:10074000A86378B100210B2301209381C2E9040141
:10075000084B0949094DC2E9011300231560C2E99C
:10076000044338BD4221064B064800F0CDF900BFD6
:10077000000C0020ECDE050034126DE60E33CDAB2C
:10078000E0EA0008F8EA000838B5194B1C68A26BCB
:100790008AB113691749546903FB01F1164800FB3C
:1007A0000411A3FB0030013341EB0001C2E9043125
:1007B00021F0004038BD182000F0EEF90246A06399
:1007C00088B1012400250B230A480C49C2E90445DD
:1007D000116001460A4D0B4C93810B4BC2E9015449
:1007E000C2E9043138BD4E21084B094800F08CF9AC
:1007F000000C00202DF451582D7F954C0E33CDABBD
:1008000034126DE6ECDE05002E7F954CE0EA000820
:10081000F8EA000838B5446C0CB1002038BD8021DE
:10082000054600F02FFA0246686430B1031F7C329F
:1008300043F8044F9342FBD1EFE74FF0FF3038BD50
:100840001F29F8B5054608D8466C0C4617464EB128
:1008500056F8240046F82470F8BD16234FF0FF30F8
:100860002B60F8BD802100F00DFA0646686440B1A7
:100870000021031F00F17C0543F8041F9D42FBD1BA
:10088000E6E74FF0FF30F8BD1F2938B5054620D800
:10089000426C0C466AB152F8213053B1012B16D08C
:1008A000591C10D00025204642F82450984728466D
:1008B00038BD284600F0F8F8224601462846BDE833
:1008C000384000F0DDB8162301202B6038BD002031
:1008D00038BD16234FF0FF302B6038BD1F292BD8B1
:1008E000426C38B50C46054682B152F8243002EB12
:1008F00084024BB1591C1AD0012B16D0002520467A
:1009000015609847284638BD012038BD802100F089
:10091000B9F90246686460B10020131F02F17C013E
:1009200043F8040F9942FBD1DFE7032038BD0220D2
:1009300038BD4FF0FF3038BD4FF0FF30704700BF7B
:1009400038B5144B1F281D681FD86A6C044662B165
:1009500052F820304BB1012B15D0591C0FD0002577
:1009600042F820509847284638BD284600F09CF8A9
:10097000224601462846BDE8384000F081B81623DB
:1009800001202B6038BD002038BD16234FF0FF300A
:100990002B6038BD000C0020124B1F2870B51E685C
:1009A00008D80D46716C044649B151F8240041F84D
:1009B000245070BD16234FF0FF30336070BD80218E
:1009C000304600F05FF90146706440B10022031F19
:1009D00000F17C0C43F8042F6345FBD1E5E74FF0B1
:1009E000FF3070BD000C002038B50B4B1D686C6CDF
:1009F0000CB1002038BD8021284600F043F968641E
:100A000038B1031F00F17C0243F8044F9342FBD13D
:100A1000EFE74FF0FF3038BD000C002038B5174B22
:100A20001F281D6827D86A6C044682B152F824300A
:100A300002EB84024BB1591C1BD0012B17D00025AF
:100A4000204615609847284638BD012038BD8021D2
:100A5000284600F017F90246686460B10020131FB1
:100A600002F17C0143F8040F8B42FBD1DEE7032047
:100A700038BD022038BD4FF0FF3038BD000C0020DB
:100A800070B50026074D0446084611462E600AF050
:100A9000F9FE431C00D070BD2B68002BFBD02360F7
:100AA00070BD00BFE01100200AF0F4BE20F0030189
:100AB00010F00300C0F1000051F8043B00F1040CF9
:100AC0004FEACC0C6FF000021CBF22FA0CF2134369
:100AD0004FF0010C4CEA0C2C4CEA0C4CA3EB0C0232
:100AE00022EA030212EACC1204BF51F8043B04309C
:100AF000F4D0C2F1000102EA0102B2FA82F2C2F1BC
:100B00001F0200EBD2007047144600B51A460A4B8C
:100B10000D461B6885B0DE6803464CB1074901915C
:100B2000304607490294009500F022F8FFF7F6FCE2
:100B300004490C46F3E700BF000C00202CEB000832
:100B40003CEB000838EB000808B513460022FFF71D
:100B5000DBFF00BF0CB400B583B004AB53F8042B2B
:100B6000019300F025F903B05DF804EB02B0704783
:100B70000EB400B5074A82B003AB0146106853F8C3
:100B8000042B019300F014F902B05DF804EB03B0FC
:100B9000704700BF000C0020024B0146186800F0AF
:100BA00071B800BF000C0020024B0146186800F02D
:100BB00003B800BF000C0020002952D038B551F80E
:100BC000043C0C1F002BB8BFE418054601F02AFABC
:100BD0002B4A1368002B45D0A3420CD9216860181A
:100BE000834228D0636028461460BDE8384001F095
:100BF0001BBAA3420FD81A465B68002BF9D11168C3
:100C0000501884421DD034D3636054602846BDE838
:100C1000384001F009BA11685018A04215D028D800
:100C2000216860188342EFD118685B680144C4E909
:100C300000135460EAE718685B680144C4E90013D4
:100C4000D1E7236819441160E0E720680144501897
:100C500083421160DAD1D3E900030144C2E90013F1
:100C6000D4E77047284663601460BDE8384001F05F
:100C7000DBB90C2328462B60BDE8384001F0D4B91D
:100C8000D8110020F8B5CD1C25F0030508350C2D32
:100C900038BF0C25002D064623DBA94221D8264F5C
:100CA00001F0C0F93A6822B3144603E063682246B3
:100CB000FBB11C4623685B1BF8D40B2B15D863686B
:100CC00094420CBF3B605360304601F0ADF904F133
:100CD0000B00231D20F00700C21A01D01B1AA350DD
:100CE000F8BD0C2300203360F8BD23601C44256050
:100CF000EAE77968D1B1294630460AF09FFD431CE6
:100D000001460CD0C41C24F00304A04205D0304698
:100D1000611A0AF093FD013001D02560D4E70C235D
:100D20003046336001F080F90020F8BD30460AF00B
:100D300085FD7860DFE700BFD81100209368013B94
:100D4000002B936005DAD2F818C0634507DB0A2947
:100D500005D01368581C106008461970704700F0E1
:100D600069BB00BF9BB1F8B5134406460F46541E3D
:100D70005D1E01E0AC4208D03A46304614F8011F2F
:100D8000FFF7DCFF431CF5D1F8BD0020F8BD0020C3
:100D9000704700BF936810B5144613B918465360E6
:100DA00010BD00F031FE0023C4E9013310BD00BFC7
:100DB0002DE9F04F0E4692461C4607469FB018B1EB
:100DC0008369002B00F0A880954B9E4200F0AA801A
:100DD000944B9E4200F0B580934B9E4208BFFE6844
:100DE000B389180740F1A3803369002B00F09F807E
:100DF000002320220B9330239AF80010059401253C
:100E00008A4C8DF831208DF8323000297DD0D146C2
:100E10000B4604E019F8013F002B00F09480252BCD
:100E2000F8D1B9EB0A0B40F0918099F80030002B13
:100E30006BD000234FF0FF3209F10109CDE9072300
:100E4000069309938DF85B301C9304E0001B05FAB0
:100E500000F018430690CA460522204619F8011BE7
:100E600001F01CF8069B0028F0D1D90644BF2022CF
:100E70008DF85B201A0748BF2B229AF8001048BF54
:100E80008DF85B202A2972D1059A11680432002955
:100E90000592C0F2A08009919AF801100AF1010AA6
:100EA0002E2976D0DFF888910322484600F0F6FF1D
:100EB00048B14022069BA0EB090002FA00F0034370
:100EC0000AF1010A06931AF8011B062259488DF807
:100ED000301000F0E3FF002800F08380564B002B19
:100EE0006CD005A9009132463846544B06A9AFF3A1
:100EF00000800390039B013307D00B9B039A9AF861
:100F0000001013440B93002981D1B3895B0615D4DB
:100F10000B981FB0BDE8F08F00F056FD404B9E428D
:100F20007FF456AF7E68B38918073FF55DAF314651
:100F3000384600F0E1FA00283FF45AAF4FF0FF3096
:100F4000E7E7BE684CE7B9EB0A0BDED0D046CAF142
:100F5000010A03E0934538D918F8011F3246384694
:100F6000FFF7ECFE01300AEB0802F3D1CDE7A1F167
:100F70003002092A94D8099B1AF8011F03EB830356
:100F800002EB4303A1F13002092AF5D92E29099376
:100F900088D19AF801102A292DD1059B0AF1020067
:100FA0001A680433002A0593B8BF4FF0FF339AF84C
:100FB000021007928246B8BF079373E7059B073379
:100FC00023F007030833059397E70B9A99F800304D
:100FD0005A440B922BE7494243F0020309910693CE
:100FE0005AE705A9009132463846144B06A900F08D
:100FF000CBF803907EE70023A1F13002092A0AF121
:10100000010A07933FF64EAF1AF8011F03EB830363
:1010100002EB4303A1F13002092AF5D9079341E716
:10102000C0DE0008A0DE000880DE00086CEB0008CF
:1010300074EB000878EB000800000000650D000864
:101040008C4600B586461346034A714610685DF823
:1010500004EB6246FFF7ACBE000C00202DE9F04720
:1010600091461E460A698B680C469A42B8BF1A46DA
:10107000C9F8002091F843300546DDF8208013B10F
:101080000132C9F80020226891065DD5D9F80030F8
:101090000233C9F80030226812F0060F11461ED143
:1010A000E168CB1A002BD8BF114618DD002704F1E8
:1010B000190A06E0D9F80030E268A2EB030CBC453F
:1010C0000CDD0123524631462846C047013007F166
:1010D0000107EFD14FF0FF30BDE8F087216894F8A9
:1010E0004330003B18BF01238A060AD53021E2189D
:1010F00082F8431094F845105A1C2244023382F8B7
:1011000043103146284604F14302C0470130E1D084
:10111000236803F00603042B1DD0A36822699342C1
:1011200025DD00279B1A1F4404F11A09002401E061
:10113000BC421CDA01234A4631462846C0470130EA
:1011400004F10104F4D1C5E712F0060F12D0003B00
:1011500018BF0123D5E7D9F80030E1682269C91A20
:10116000A36821EAE1779342DCDC0029DCDC002083
:10117000BDE8F087E168D9F80030CB1A002BD8BF62
:10118000114693DCABE700BF2DE9F04317460A7E1A
:1011900085B00C46064698460C9D01F1430C002A8A
:1011A00033D0A2F15803D9B2202967D8202B65D8B3
:1011B000DFE813F0DD006400640064006400640094
:1011C00064006400640064006400A3006E006400B6
:1011D0006400640064006E006400640064006400E5
:1011E00021007F00BF0064006400AE0064007F0047
:1011F00064006400E40023681A0640F102812B6851
:101200006269191D29601B681A600023E146236189
:101210003B4621463046CDF8008003AAFFF71EFF6B
:10122000013020D04A46394630462369C047013054
:1012300019D02368E0689B07039919D5431A002B3E
:1012400016DD002504F1190904E0E0680399431A4A
:10125000AB420DDD01234A4639463046C0470130D6
:1012600005F10105F1D14FF0FF3005B0BDE8F08385
:101270008842B8BF084605B0BDE8F083012384F872
:10128000422004F142092361002384F84330BFE780
:101290002368190602D45A0600F1BF8029680A683B
:1012A000043129601146002A6ADB0A25DFF87CE157
:1012B00010E02368180640F19A802B68191D2960F8
:1012C00019686F2A0CBF08250A25DFF860E10023A2
:1012D00084F843306268002AA2607DDB236823F033
:1012E00004032360002959D1002A77D1E146082D53
:1012F00063D0ACEB090323618AE701222B6804F178
:101300004209196804332B6084F842102261BBE75C
:101310002B6800211A1D2A60D3F8009062684846A5
:1013200000F0BCFD00287FD0A0EB090060602061C8
:10133000AAE7236843F0200323607822DFF8F0E077
:1013400084F845202A68111D2960190642D45D06DB
:1013500040D51188D80744BF43F0200323600029FB
:1013600043D12368102523F020032360AFE75823DF
:10137000DFF8B8E084F845302368E3E72368DCE76A
:101380002D2284F8432062684942002AA26002DBD1
:1013900023F0040323600A25DFF890E0E146B1FB67
:1013A000F5F30A4605FB131019461EF80030AA4251
:1013B00009F8013DF3D2082D9BD12368D90798D5B0
:1013C000626823699A4294DC302309F1FF3989F875
:1013D00000308EE71168BDE70029DFD19EF80030AC
:1013E00004F1420984F8423081E710256FE713F0D9
:1013F000400F2B6803F1040129600CBF196819889C
:101400005FE713F0400F2B68626903F10401296064
:101410001B6814BF1A801A60F7E62A68B2F9001038
:1014200004322A600A463EE7606880E780EB0008E5
:1014300094EB0008F8B506460D46144608B18369DA
:1014400043B3254B9C422AD0244B9C4229D0244BA9
:101450009C4208BFF468A269A389A2601A0722D53A
:10146000236903B322686169D31AEDB299422F460A
:1014700029DD0133A1680139A160511C216015707B
:1014800062699A4216D0A389DB0701D50A2D11D0D3
:101490003846F8BD00F098FA0F4B9C42D4D17468DE
:1014A000D9E7B468D7E72146304600F025F838B9C7
:1014B0002369D7E72146304600F024F90028E7D019
:1014C0004FF0FF37E4E72146304600F01BF90028D3
:1014D000F6D101232268CDE7C0DE0008A0DE0008B7
:1014E00080DE000803460A46024908681946FFF7ED
:1014F000A1BF00BF000C00203C4B70B51D68064624
:101500000C460DB1AB69E3B1394B9C421FD0394B4E
:101510009C424DD0384B9C4208BFEC68B4F90C306B
:1015200018079AB219D5216911B312F001002FD012
:1015300000256069A5604042A06100292ED00020EE
:1015400070BD284600F040FA294B9C42DFD16C6800
:10155000B4F90C3018079AB2E5D4D1063ED552073B
:1015600028D4216943F00803A3819AB20029DCD171
:1015700002F42070B0F5007FD7D02146304600F04D
:10158000FFFBB4F90C3021699AB212F00100CFD1FF
:10159000950758BF6069A0600029D0D1120658BFD6
:1015A0000846CDD543F040034FF0FF30A38170BD16
:1015B000AC68B3E7616B51B104F14402914204D0CD
:1015C0003046FFF7F9FAB4F90C30002262630022CA
:1015D000216923F02403C4E90012C3E7092243F080
:1015E000400332604FF0FF30A38170BD000C00203B
:1015F000C0DE0008A0DE000880DE0008F8B58B8998
:101600000C46190707463BD46268002A55DDE66A96
:10161000002E50D000223D683A6013F4805250D121
:1016200001233846216AB047421C5CD0A389E66A90
:101630005B0705D56368C01A636B0BB1236CC01AD6
:101640000246216A00233846B047411C3BD13B6823
:10165000002B38D01D2B01D0162B4BD10023226933
:10166000C4E90023616B3D6029B304F1440399424E
:1016700002D03846FFF7A0FA002318466363F8BD8E
:101680002669C6B19A0718BF0023256808BF636999
:101690002660AD1BA3600CE02B463246D4F828C070
:1016A0003846216AE047B0F1000CA5EB0C05664412
:1016B00012DD002DF0DC0020F8BD226C002AA6DC33
:1016C000F9E7606DB4E70022236962602360A389B3
:1016D000DB04C7D56065C5E7A3894FF0FF3043F051
:1016E0004003A381F8BD3B68002B9FD01D2B06D083
:1016F000162B04D0A38943F04003A381F8BD00203A
:101700003D60F8BD38B50B69BBB10C46054608B164
:101710008369B3B10D4B9C4211D00D4B9C4213D049
:101720000C4B9C4208BFEC68B4F90C302BB121463D
:101730002846BDE83840FFF761BF002038BD6C681F
:10174000F2E700F041F9E5E7AC68EDE7C0DE00083C
:10175000A0DE000880DE000838B540B30369044607
:10176000E3B1174B1D680DB1AB69CBB1154B9C4272
:101770000FD0154B9C4221D0144B9C4208BFEC6803
:10178000B4F90C3053B121462846BDE83840FFF784
:1017900035BF6C68B4F90C30002BF4D1002038BD93
:1017A000284600F011F9074B9C42E2D1F1E7084BC3
:1017B00008491868BDE8384000F0BEBAAC68DFE7F9
:1017C000000C0020C0DE0008A0DE000880DE00085B
:1017D0007CDE00080517000800207047014900F072
:1017E000ABBA00BF0517000800207047682270B52B
:1017F0004D1E02FB05F50E4605F17401FFF742FA96
:10180000044640B100210C30C4E9016005F16802D2
:101810002160FEF735FF204670BD00BF274B2DE944
:10182000F0411E680746B36953B34FF004084836C9
:10183000D6E90134013B04D51EE05A1C04F16804CA
:101840001AD0B4F90C50013B002DF6D11C4B0822E4
:101850002946C4E90055C4E90253C4E90455656644
:10186000A56104F15C00FEF70BFFC4E90D55C4E966
:1018700012552046BDE8F08135682DB12E46D7E7D8
:10188000304600F01FF8D0E74FF4D6713846FFF726
:10189000F9F9044668B1056029460546C0F8048098
:1018A0000C304FF4D072A060FEF7EAFE34602E4692
:1018B000BEE70C2330603B60DBE700BF7CDE000846
:1018C0000100FFFF0023334A2DE9F0471268C0E909
:1018D00012339042036508BF01232F4908BF83617B
:1018E00081620546FFF79AFF034628466B60FFF7C3
:1018F00095FFA86028460024FFF790FF04236E6838
:10190000DFF898A0DFF89890DFF89880264FE8601D
:101910000822F3602146C6E90044C6E9044474661F
:10192000B460B46106F15C00FEF7AAFE1F4BC6E985
:10193000086AC6E90A983763AE680822F360214650
:10194000C6E90044C6E904447466B460B46106F1B3
:101950005C00FEF795FE164BC6E9086AC6E90A98D0
:101960003763EE682146F3600822C6E90044C6E901
:1019700004447466B460B46106F15C00FEF780FE56
:101980000123C6E9086AC6E90B87C6F82890AB614F
:10199000BDE8F0877CDE0008DD1700087D20000828
:1019A000A5200008E5200008052100080900010025
:1019B00012000200024B0349186800F0BDB900BFD5
:1019C0007CDE000805170008836903B97AE77047D1
:1019D000704700BF704700BF704700BF704700BF2F
:1019E000024B0349186800F087B900BF000C0020C3
:1019F000D9170008024B0349186800F07DB900BFF1
:101A0000000C0020E91700089368002B00F0B78055
:101A10002DE9F04FB1F90C300C46190780461746F6
:101A200083B098B225D523691BB310F002033D683B
:101A30002DD04FF0000B5E46DFF8B8A2002E00F06C
:101A40008B80564533465A4628BF53464046216A46
:101A5000D4F828C0E047002840F38780BB6883445F
:101A60001B1A361ABB60002BE8D1002003B0BDE87A
:101A7000F08F21464046FFF73FFD002840F03681B9
:101A8000B4F90C303D6898B210F00203D1D110F0D7
:101A9000010976D14E46002E5AD08205D4F808B0FE
:101AA00040F1B580B3455A4600F2CD8010F4906FF6
:101AB00000F0CB8023682169A3EB010B636903EB82
:101AC000430A0AEBDA7A0BF101034FEA6A0A33445C
:101AD0005345524684BF9A465246430540F1EA8038
:101AE00011464046FFF7CEF8002800F0F9805A462C
:101AF00021690190FEF74EFDA289019B22F49062BC
:101B000042F08002A28103EB0B0023613246AAEB74
:101B10000B03B346C4F814A0A3602060B2460026AD
:101B20004946019200F002FAA3682168019AA3EBEA
:101B30000B030A44A3602260B868D144A0EB0A00FA
:101B4000B860002891D0B4F90C0080B2002EA4D166
:101B5000D5E9009608359EE7D5E900B608356DE76A
:101B600021464046FFF7CEFD80B3B4F90C304FF06C
:101B7000FF3043F04003A38103B0BDE8F08F0020A5
:101B800070471E46AA46994618461D4656B3002879
:101B900032D04A4620682169B24228BF3246884284
:101BA000636904D9A16803EB010B5A4574DC9342C5
:101BB00065DC2A464046216AD4F828C0E047B0F1E7
:101BC000000BD2DDB9EB0B09CAD00120BB685D4424
:101BD000A3EB0B03A6EB0B06BB60002B3FF445AF5A
:101BE000002ED4D10AF1080353F8046C9A4653F836
:101BF000085C0833002EF7D032460A21284600F050
:101C00004DF9002869D00130A0EB0509C1E7206833
:101C1000236998421BD86369B34218D86FF0004C0F
:101C2000B44528BFB4469CFBF3FC4A4603FB0CF3C7
:101C30004046216AD4F828C0E047B0F1000A94DD9C
:101C4000A6EB0A0678E7B3463246206866E7B34556
:101C5000DA4628BFB2464946524600F067F9A36803
:101C60002268A3EB0A035244A3602260002BE7D151
:101C700021464046FFF746FD0028E1D075E729469A
:101C80009346019200F052F9A368019A9B1AA3604F
:101C900023681A44226095E729465A4600F046F91F
:101CA000236821465B4440462360FFF72BFD002854
:101CB00088D05AE7404600F0B9F9034600287FF47F
:101CC00022AF40462169FEF777FF0C22B4F90C30B1
:101CD000C8F8002023F0800349E7721C914659E7B9
:101CE0000C22B4F90C30C8F8002040E74FF0FF3068
:101CF000BCE600BF00FCFF7F2DE9F04100268846CE
:101D000000F14807D7E90154013D0ED4A389013DF4
:101D1000012B06D9B4F90E30013302D02046C0475A
:101D200006436B1C04F16804F0D13F68002FE9D131
:101D30003046BDE8F08100BF2DE9F8434FF00009BF
:101D40000746884600F14806D6E90154013D10D403
:101D5000A389013D012B08D9B4F90E30013304D019
:101D600021463846C04749EA00096B1C04F1680463
:101D7000EED13668002EE7D14846BDE8F88300BFB3
:101D8000F0B58B890C46990797B007D5012204F16D
:101D90004703C4E90432236017B0F0BDB4F90E1054
:101DA000054600292DDB6A4609F055FD002827DB92
:101DB000019E4FF4806706F47046A6F50056B6FA09
:101DC00086F6394628467609FEF75CFF30B3A389CC
:101DD0001A4A43F08003AA62C4E90407A381206081
:101DE000002ED9D02846B4F90E1009F040FD002885
:101DF000D2D0A38923F0030343F00103A381CBE7EF
:101E0000A38913F0800F14BF40274FF48067284642
:101E100039460026FEF736FF0028D8D1B4F90C3039
:101E20009A05B9D4012123F0030304F1470243F0DA
:101E30000203C4E90421A3812260ADE7DD17000895
:101E400070B50C46B1F90E10164600291D4696B025
:101E500013DB6A4609F0FFFC00280EDB01994FF402
:101E6000806301F47041A1F50051B1FA81F10020C5
:101E700049092960336016B070BD0022B4F90C30F6
:101E80002A601B0604D540230020336016B070BDC5
:101E90004FF480630020336016B070BD5FFA81FCA0
:101EA000810710D00346511E2AB90AE09A07184646
:101EB0000AD0013905D3184613F8012B6245F5D134
:101EC000704700207047114603290CD80029F8D02C
:101ED0000346014401E08B42F3D0184613F8012B6E
:101EE0006245F8D1ECE7024610B54CEA0C2444EA0E
:101EF00004441046036804326340A3F1013E2EEA15
:101F0000030313F0803F04D1043903291046F0D8AD
:101F100051B10346014401E08B4205D0184613F845
:101F2000012B6245F8D110BD002010BD88420DD9AB
:101F30008B1883420AD900EB020CBAB1624613F83F
:101F400001CD994202F801CDF9D170470F2A0ED880
:101F5000034602F1FF3C4AB10CF1010C013B8C44F9
:101F600011F8012B614503F8012FF9D1704740EAC0
:101F700001039B074FD1A2F1100370B501F1200CB2
:101F800023F00F0501F1100E00F11004AC441B0901
:101F90005EF8105C0EF1100E44F8105C5EF81C5CEC
:101FA000103444F81C5C5EF8185C44F8185C5EF869
:101FB000145CE64544F8145CEAD1013312F00C0FCE
:101FC00001EB031102F00F0400EB031327D08E4640
:101FD000043C24F003064FEA940C1E441C1F5EF8D8
:101FE000045B44F8045FB442F9D10CF1010402F03F
:101FF000030203EB840301EB840102F1FF3C4AB1CD
:102000000CF1010C013B8C4411F8012B614503F8E4
:10201000012FF9D170BD034602F1FF3C9CE7224637
:10202000EBE700BF704700BF704700BFF8B514462C
:10203000F9B1CAB106460D4600F068F8A04202D3D5
:102040002F463846F8BD21463046FEF71BFE0746B0
:102050000028F6D022462946FEF79CFA304629464B
:10206000FEF7AAFD3846F8BD2746FEF7A5FD38461F
:10207000F8BD1146BDE8F840FEF704BE10B50C46A9
:10208000B1F90E1009F0CFFB002803DB636D0344A8
:10209000636510BDA38923F48053A38110BD00BFE5
:1020A000002070472DE9F0410C46B1F90C101F4695
:1020B000CB05054616460BD421F48051A1813B4641
:1020C00032462846B4F90E10BDE8F04109F0B2BB23
:1020D000B4F90E100223002209F0AAFBB4F90C1087
:1020E000EAE700BF10B50C46B1F90E1009F0A0FBED
:1020F000A389421C0EBF23F4805343F480536065D0
:10210000A38110BDB1F90E1009F096BB51F8040C73
:102110000028A0F10400BCBF0B58C018704700BFD6
:10212000002313B50446CDE9003338B100F0ACFA12
:1021300020B9082221466846FEF72CFA68460AF0C4
:10214000DFFE02B010BD10B5044640B100F09CFAAD
:1021500028B91E21601CBDE810400AF011BF1E21E5
:102160000020F8E7002313B5044600938DF80430EF
:1021700088B100F089FA70B963788DF80030A378DF
:102180008DF80130E3788DF8023063798DF80330F3
:1021900023798DF8043068460BF04FF802B010BD7B
:1021A000002313B50446ADF80630A0B100F06CFA78
:1021B00088B9A278637843EA0223ADF80630813B00
:1021C000022B0AD801220DF1060002FA03F3ADF842
:1021D00006300BF01EF802B010BD0DF106000BF03A
:1021E00007F8F8E738B504460D4600F041FA10B19B
:1021F000032000F043FA29462046BDE8384006F0A7
:10220000A2BC08B50AF06AFE0378022B03D10AF0DB
:102210006DFE007808BD0020FCE7000008B5054C05
:10222000236818780BF0B0F802F0CEFF052008F014
:1022300094FAF5E7B822002030B5114B8DB0114D5E
:1022400005AC18600FCD0FC495E8070084E80700BF
:102250004FF4E13007F002F90CAB13E907008DE809
:10226000070005AB0FCB0BF053F80023FF220093C0
:1022700041F2D001044B054808F03CFA0DB030BDE6
:10228000B822002054DD00081D220008E8110020BB
:1022900008B504F08FF904F0A3F906F05BFE04F032
:1022A00037FA06F0ABF8002006F048FDBDE808401C
:1022B000002006F05FBD08B50BF0AAFC0028FBD19A
:1022C00008BD704710B50446FFF7FBFF4CB100F0A6
:1022D000CFF970B100F0DEF9BDE81040032000F046
:1022E000CDB900F0C5F920B9BDE81040012000F0DB
:1022F000DFB910BDF0B50C461546064685B090BB5B
:10230000002936D104F038FB002000F0D1F900207C
:1023100000F0D4F9002000F0D7F900F0A9F920B1BD
:1023200000F0B8F9032000F0A9F92D4F3B681B78A5
:10233000A34200D13DB10AF0D1FD032303700AF09E
:10234000D5FD002303703A681470A4B1631ED9B29E
:102350000429947098BF5470052B0ED8DFE803F061
:10236000272C31363B190029CCD1012000F0DEF8B2
:10237000C8E70220FAE70BF0B1FA2A4621463046B8
:1023800001F0CEF82A462146304601F0D5FC05B0D2
:10239000F0BD182043F68D010323012702228DE8AA
:1023A0008B0028460F4B10490BF0AEFBE5E72846A3
:1023B0000E490BF096FAE0E728460C490BF0B9FA03
:1023C000DBE7284609490BF0DCFAD6E7284608493E
:1023D0000BF0FFFAD1E7284606490BF022FBCCE7C9
:1023E000B8220020E0DE0008FADE0008FEDE000869
:1023F0000FDF000820DF000807B50B4B0322196828
:1024000001A8FEF7C7F800209DF8043063F3070029
:102410009DF8053063F30F209DF8063063F31740F5
:1024200003B05DF804FB00BFB82200207047000035
:1024300010B5FFF7FBFF00F06DFA02F00BFE00F0A5
:102440008FF8012803D1BDE8104000F08FB800F0EC
:102450000FF960B9064C206806F063FEB0F57A7F8C
:1024600005D30BF0C5FB10B106F0A6FE206010BD31
:10247000E4110020FFF7DCBF70B5044660B106F040
:1024800033FC0D4B834215D0184606F027FCBDE8FF
:102490007040012006F0E8BD0AF020FD0378022B11
:1024A00008D1054D20466B6898472046AB68BDE8CB
:1024B0007040184770BD00BF640C002010B5014685
:1024C0008AB090B106F010FC154C844225D0012250
:1024D000144B1A7001F03EFA134807F0E5F9204654
:1024E0000AB0BDE8104006F0F9BB0F4B1B78042B77
:1024F0000BD12022CDE9000002A8FEF7C1F8684602
:1025000006F000FC02A806F005FC074808F0F9FEFA
:10251000054809F00FFB01F025FA0AB010BD00BF15
:10252000E80C00202D360020904900200B4B01289C
:1025300010B50446187002D0022807D010BD002044
:10254000FFF79AFF2046FFF7B9FFF7E70020FFF7F4
:10255000B5FF0120FFF790FFF0E700BF780C0020E7
:10256000014B1878704700BF780C002038B5124B2B
:10257000124D1B78124C052B19D12B6813B906F09C
:102580001BFE2860236813B906F016FE2060206841
:1025900006F0C7FD40F6B73398420BD900232360FD
:1025A00001F0D0F930B1BDE8384006F0CFBD0023CE
:1025B0002B60236038BD00BF90490020C02200205E
:1025C000BC22002010B50A4C2378052B0ED1B4F89C
:1025D0004C309B070AD506F08BFD38B1204608F039
:1025E0001FFFBDE81040034808F0B7B810BD00BF9A
:1025F00090490020A086010008B5064B186838B144
:1026000006F08FFD40F6B733984294BF00200120BA
:1026100008BD00BFC022002038B502F045FF0446C7
:1026200068B1084B1B78012B09D101F08BF930B14F
:10263000FFF7E2FF054610B1FFF7C4FF2C46204626
:1026400038BD00BF780C0020302310B583F311880B
:1026500000F0E6F9002484F3118872B600F030FB34
:1026600000F07CFA04F0ACFC84F3118862B610BD73
:10267000014B1878704700BFC5220020014B18702D
:10268000704700BFC5220020014B1878704700BF7B
:10269000C422002008B506F08FFD014B186008BD6C
:1026A000C8220020014B1870704700BFCC220020C8
:1026B000014B1870704700BFCF220020014B1870EB
:1026C000704700BFCE220020014B1870704700BF3A
:1026D000CD220020104BF7B51F6801F079FA0F4E9C
:1026E000054620B900243470204603B0F0BDFFF742
:1026F00083FEC0B218B90A4B1B78042BF2D0347891
:102700001CB100232C463370EEE7002FECD004F010
:1027100027F9B842E8D3F4E77C0C0020CF22002050
:10272000904900200120704710B5FFF7FBFF0C4BCC
:10273000044610B91870204610BD1C78002CFAD041
:1027400000221A700AF0D6FB0028F4D00AF0C6FB6B
:102750000378022BEFD1FFF79BFDFFF7ACFDEAE713
:10276000CE2200200120704710B5FFF7FBFF0C4B75
:10277000044610B91870204610BD1C78002CFAD001
:1027800000221A700AF0B6FB0028F4D00AF0A6FB6B
:102790000378022BEFD1FFF77BFDFFF78CFDEAE713
:1027A000CD22002010B586B001F01CFA044618B9FD
:1027B0000024204606B010BD0B4B186806F0B1FC93
:1027C0003128F5D9182200216846FDF759FF074B3B
:1027D0001B78002BEDD1182269460548FDF7A6FEAF
:1027E000B0FA80F46409E4E7C8220020C422002083
:1027F000F04400200120704708B5FFF7FBFF48B107
:10280000054B186806F08DFCC72803D9BDE80840C1
:102810000BF000BA002008BDC8220020012070473C
:1028200008B5FFF7FBFF38B1044B186806F079FCD8
:10283000C72894BF0020012008BD00BFC822002087
:10284000704708B506F082FCFFF7FAFF08BD0000EC
:1028500038B50AF04FFB70BB224B1B78022B0CD112
:102860000BF03CF84FF4C874FFF725FDFFF723FD8C
:10287000642007F072FF013CF8D101F079F80023E1
:10288000184D194C28782370FFF7DEFE2B78012BAA
:1028900017D0022B1FD05BB92278082A18D8012341
:1028A000934040F20512134212D002220F4B1A70CD
:1028B00001F0BCF938BD0AF011FB0378022BCFD12F
:1028C000CAE72278072AF0D8934013F0A80FECD07B
:1028D0000322064BEBE72278032A08BF1346034A7C
:1028E0001370E5E7C4220020CC220020C52200207E
:1028F00008B506F034FC01F0B5F904F0D1FB18225C
:1029000000210348FDF7BCFEBDE8084004F034B8E0
:10291000D444002010B5234C2378032B20D8DFE8C3
:1029200003F002202A33FFF7D5FE30B1FFF7B2FEE5
:1029300000221D4B1A7001232370FFF7F5FE28B10A
:10294000FFF7A8FE0123184A23701370FFF70CFF4E
:1029500030B1FFF79FFE0222134B1A700123237040
:1029600010BDFFF71FFF0028FAD0FFF793FEFFF717
:1029700068FF0223F3E7FFF73FFF0028F0D0FFF7DF
:1029800089FEFFF765FFEBE7FFF74AFF0028E7D076
:10299000FFF780FEFFF7ACFF0023034A237013709C
:1029A000DEE700BFC5220020C4220020202938B560
:1029B00005460C4610D1FFF7D3FD012806D122466B
:1029C0002946BDE83840022006F0B4BF214628461B
:1029D000BDE838400BF0EEB838BD000010B5C4B209
:1029E0000B2C0CBF02200120FFF75CFE204601F0FB
:1029F0005BF94FF0FF32014B5A6110BD00180040E7
:102A00000023054A0549C2E900130133102B02F1E6
:102A10000802F8D1704700BFA8450020DD29000852
:102A20002DE9F843484B05469A6C42F4C0629A641B
:102A30009A6CD3F8902042F4C062C3F89020D3F887
:102A4000902022F4C062C3F89020D3F89030FFF7B2
:102A5000D7FF00284FD112264FF001083B4F57F8FF
:102A6000041B4A1C0DD021F00F0901F00F0108FAD8
:102A700001F4214605224846240409F079F9C9F8F1
:102A80001840013E16F0FF06E9D1062401274FF059
:102A900030082F4E56F8040B431C28D000F00F01CD
:102AA000202207FA01F120F00F0009F061F900BFC0
:102AB00000BF00BF00BF00BF00BF00BF00BF00BF1E
:102AC00000BF00BF00BF00BF00BF00BF00BF00BF0E
:102AD00000BF88F3118856F8040C032200F00F01A0
:102AE00020F00F0009F064F9002383F31188013C02
:102AF00014F0FF04CED120224FF40061154809F0F4
:102B000037F900BF00BF00BF00BF00BF00BF00BF5C
:102B100000BF00BF00BF00BF00BF00BF00BF00BFBD
:102B200000BF00BF00BF302383F3118802220B21B6
:102B3000084809F03DF9002383F31188284601F085
:102B4000C5F8BDE8F88300BF000C014034DF000881
:102B5000D8DF0008000800407047000010B51A4C8C
:102B600006F02AFFA36C40F2A23243F4C063A364D0
:102B70004FF400611548A36C09F0FAF8A36C43F414
:102B80008043A364A36CE36C43F00803E364E36C49
:102B9000A36C43F48053A364A36CE36C43F0100371
:102BA000E364E36CA36C43F00203A364A36CA36C23
:102BB00043F00803A364A36CA36C43F01003A36465
:102BC000A36CFFF7C9FF10BD000C014000080040D6
:102BD0004FF0E02238B51369304923F00103136147
:102BE00003232F4A012493620C23D3622D4B2E48DA
:102BF000C1F8003400238360C4602C48C1F800048D
:102C0000A1F598418B672A499362D362A2F5684285
:102C1000516100219A0002F1604202F56142D2F84E
:102C20000001CDB2012D94BF002000F0010008B1D9
:102C3000C2F8804101312029F1D10133082BE8D1BC
:102C40001C4C636843F00073636009F063F8144B35
:102C50001A6802F009021A601A6842F46C3242F0F3
:102C600004021A6040F2B3321A62134B43F00103BC
:102C70009847236943F00403236130BF0F4B43F0AF
:102C8000010398474FF0E022236923F004032361F6
:102C9000136943F00103136138BD00BF00500140C8
:102CA0000000014014000003000C0140100000036C
:102CB000FFFF070000ED00E0B0DF00087CDF000848
:102CC000FFF786BF2DE9F04103254FF001080B4FB8
:102CD00057F8044B012224F00F0604F00F0408FA01
:102CE00004F421463046013D09F042F8240415F071
:102CF000FF05B461ECD1BDE8F08100BFF0DF000852
:102D00004FF0804340229A6180229A614FF4807292
:102D1000C3F8182870474FF080434FF480029A613F
:102D20004FF400029A614FF08072C3F81828704780
:102D300038B50446FFF7EFFF042C234628BF0423D1
:102D400041F27B42C3EB83339BB2934214D80922F6
:102D5000B3FBF2F3114A124D13802B782BB91149B2
:102D6000114808F04EF901232B7094B1BDE83840AA
:102D70000F210D4808F057B903F523530B4A36339A
:102D80001B02B3FBF2F303FB03F25343C3F30F2322
:102D9000E0E70548BDE8384008F053B9D4220020E8
:102DA000D62200207CE0000828460020F5280100FB
:102DB0007047000010B504F0E9FD1A4A01021388BB
:102DC00040000133B3FBF1F401FB143380B29BB23A
:102DD0001380B3FBF0F3144A03F07F03D45C04F0D8
:102DE00099FD41F27B42A40100FB04F39BB29342A4
:102DF00005D80920B3FBF0F30C4A138010BD03F58E
:102E000023530B4A36331B02B3FBF2F303FB03F2EB
:102E100053431B0AB3F5803F0CBF4FF6FF739BB2C1
:102E2000EAE700BFD2220020FCDF0008D422002005
:102E3000F52801000F4A10B513880F4C01339BB2DF
:102E4000138013F0FF030CD10C4B1B780BB1FFF771
:102E5000B1FF2388B3F5807F0BD9BDE81040FFF7A1
:102E60004FBF2288B3EB122F03D1BDE81040FFF70C
:102E700052BF10BDD8220020D4220020D022002032
:102E80000022034B1A800122024B1A70704700BFC8
:102E9000D2220020D022002008B5FFF713FF04F053
:102EA00039FDFFF745FF04F069FD18B1BDE80840A2
:102EB000FFF7E6BF08BD00000022014B1A70704703
:102EC000D02200200F4B10B51A78CAB901220E4C3F
:102ED0001A70206040F2A2324FF400714FF080402F
:102EE00008F046FF4FF480614FF0804040F2A2327C
:102EF00008F03EFF2146BDE81040044808F030B914
:102F000010BD00BFDA220020800C0020CC4700203A
:102F10004FF0FF3108B5024807F095FFC0B208BD79
:102F2000D84700200A464FF0FF330146014808F019
:102F30002FB800BFFC47002008B5034808F035F95A
:102F400080F00100C0B208BDCC47002010B5084B8E
:102F50004218904207D1064889B2FFF7E3FF0120EB
:102F6000044B187010BD10F8014B03F8014BF0E74B
:102F7000C8440020E822002010B504464FF4165043
:102F8000FFF7A0FF014B1C6010BD00BFE022002036
:102F900037B5264C264DFFF7CFFF002835D0FFF779
:102FA000B7FF2368012B10D0022B12D0ABB9A0F1D0
:102FB0006103DBB21F2BEED81E4A22FA03F3DB07B4
:102FC000E9D5012328702360E5E7022368702360B8
:102FD000E1E7652804D00A2802D000232360DAE75D
:102FE00003232360124B1A789870662A0FD0802A28
:102FF00012D0612A07D15B780D2B04D10A2802D1A7
:1030000000220D4B1A700023236003B030BD0B4A21
:1030100012680AB1587890470322094901A8FDF7C0
:10302000B9FA032101A8FFF77DFFECE7DC220020BD
:10303000CB44002021000080E8220020E022002074
:103040008CE00008032901D8FFF780BF00207047FB
:103050000B4B10B51B780B4C13B906F0ADF8206084
:10306000206840B906F0A8F8032120600648BDE8B2
:103070001040FFF7E7BF06F054F83128F2D810BD32
:10308000E8220020E4220020C844002008B5FFF711
:103090007FFFBDE80840FFF7DBBF000037B5032521
:1030A00004462A46074901A8FDF774FAF02C28BF08
:1030B000F024294601A88DF80540FFF747FF03B02B
:1030C00030BD00BF70DD000813B50324054922465A
:1030D00001A8FDF75FFA214601A8FFF737FF02B00C
:1030E00010BD00BF70DD000813B50324054922465A
:1030F00001A8FDF74FFA214601A8FFF727FF02B00C
:1031000010BD00BF90E0000870B5044606F054F80A
:103110000546064E337823B1284606F002F8A04251
:1031200000D970BDFFF7B2FFF4E700BFE82200202E
:103130000E4A431CFF2830B5DBB2144608BFFF23FC
:103140000121657DC8B29D420ED001310B2904F1E9
:103150001404F6D10123517DD8B229B101330B2BD0
:1031600002F11402F7D1002030BD00BFEC22002094
:1031700008B50B46FF2818BF00F1FF30114618BFF5
:10318000C0B21A4601F016F808BD000038B5044672
:103190000D46FFF7CDFF68B11422074BFF2C02FB51
:1031A00000304FF000031CBF0134E4B2447045749A
:1031B0000374012038BD00BFEC2200202DE9F0414E
:1031C0000446884616461F46FFF7B2FF90B1142208
:1031D0005043094BFF2C03EB00051F544FF0000335
:1031E0004FF001001CBF0134E4B26C7085F802801E
:1031F000AE602B74BDE8F081EC2200202DE9F04197
:103200000446884617461E46FFF792FFA0B11422D7
:1032100050430A4B9DF818201D181A54079B012093
:10322000EB600023FF2C1CBF0134E4B26C7085F806
:103230001180AF70AE602B74BDE8F081EC220020ED
:103240002DE9F843002502272E464FF001082E4CA9
:10325000607880B394F81090B9F1010F33D0B9F1D0
:10326000020F0DD0B9F1000F25D1A3781BB30122B5
:10327000617CFFF77DFF05F09FFF606027741AE017
:103280000122617CFFF774FF6068A0B105F049FF7F
:10329000A36898420FD305F08FFF2378606043B195
:1032A00084F81090A378FBB9E3681BBB26746670A2
:1032B00001E084F8108001350A2D04F11404C7D10F
:1032C0000120BDE8F8830022617CFFF751FF6068B0
:1032D0000028F0D005F025FFA3689842EBD305F055
:1032E0006BFF27746060DDE7013BDBB2A370002B4E
:1032F000E1D1D9E76078FF281CBF00F1FF30C0B2F0
:1033000098470028D2D0B9E7EC220020014B18786A
:10331000704700BFC8230020014B1860704700BFF2
:10332000CC230020F0B5044685B0062900F2B18018
:10333000DFE801F0040A6154549B9B000024564BC3
:103340001C60204605B0F0BD534E544F3568002D2B
:1033500030D105F031FF42F21073013C30603B6028
:10336000032C00F29680DFE804F0020A121D4C4B99
:1033700000950193FA230122FF2110460EE0484BED
:1033800000950193FA230122FF21022006E0444B1D
:1033900000950193FA230122FF210320FFF72EFF5E
:1033A0000124CEE73E4B00950193FA230122FF2131
:1033B0000420F3E7284605F0B4FE3B68984254D257
:1033C000FFF7CEF80228EBD109F088FD0378022B35
:1033D000E6D1002303223360324B1A70002340F6FB
:1033E000B83201212046FFF7E9FE00232A4A136084
:1033F0002C4A1370D4E7284E35680DBB05F0DCFE6F
:10340000013C3060032C44D8DFE804F002080E14BD
:10341000234B009501934FF4FA73ACE7204B0095D2
:1034200001934FF4FA73AEE71D4B009501934FF4EF
:10343000FA73B0E71A4B009501934FF4FA73B5E7AE
:10344000284605F06EFE4EF65F2398420DD8FFF732
:1034500087F80228A4D109F041FD0378022B9FD1FF
:103460000023042233600F4BB7E700230A4A13609E
:103470000C4A1370FEF7C0FFC0B238B900F062FA10
:10348000044618B90120FFF719F95AE70120FFF7A0
:103490000FF9002455E700BFCC230020880C002042
:1034A000A9340008C823002008B5024B1978FFF79B
:1034B00039FF08BDC823002073B500240D46064619
:1034C000234622462146019400940120FFF796FEF0
:1034D000234622462146019400940220FFF78EFEE7
:1034E000234622462146019400940320FFF786FEDE
:1034F000234622462146019400940420FFF77EFED5
:10350000054B29461C60054B30461D70FFF70AFF2E
:10351000012002B070BD00BFCC230020C8230020D2
:1035200038B50D461446FFF71BF8022827D109F0DD
:10353000D5FC0378022B22D0691E052925D8DFE8A7
:1035400001F0030C122424182CB102210120BDE843
:103550003840FFF7B1BF0121F8E714B10221022082
:10356000F5E70121FBE714B102210320EFE7012178
:10357000FBE714B102210420E9E70121FBE7FEF794
:10358000EFFF012801D10021E1E738BD07B58DF833
:1035900006100421B3238DF805000DEB01008DF812
:1035A00004308DF8072009F07BFC03B05DF804FBC4
:1035B000B42307B5022101A8ADF8043009F070FC6E
:1035C00003B05DF804FB000000231946034A0133F1
:1035D000092B516002F8081BF9D17047D023002055
:1035E00008B5086840F480330B6080B2012100F018
:1035F0004DFE002008BD00002DE9F04107461546AC
:103600000846224CBAB1002304EBC30292899742C8
:1036100003D100252846BDE8F0810133082BF3D102
:10362000012604EBC608D8F80430F2007BB101365D
:10363000092EF6D1EDE7012504EBC508B8F80430F2
:10364000EE009F420FD00135092DF5D1E1E704329C
:103650000F49224404F03CFB0028DAD0C8F804707B
:1036600004F83600D6E714F8350004F03FFBD8F82C
:103670000400C30303D5002180B200F007FE00233D
:10368000264404F8353073600125C3E7D0230020B9
:10369000E135000808B520224FF40071054808F014
:1036A00067FBBDE8084020224FF48041024808F043
:1036B0005FBB00BF000400400008004037B504466F
:1036C0002E4D002843D005F077FD2860FEF794FECC
:1036D000C0F307238DF80530C0F307438DF806309B
:1036E000274B8DF804001969C2B28D0503D5254911
:1036F0000969490433D51B699D0503D5214B1B6915
:1037000059042ED41E4B1B699B052CD41D4B1B69E1
:1037100013F4804F0CBF00230223511E052924D926
:10372000002A0CBF03200220174A14B911789942CD
:1037300002D11C1A18BF0124022B1370134A16D091
:10374000032B16D0012B16D10423137004E0286834
:1037500005F0E7FC3228B6D8204603B030BD03237D
:10376000DBE70123D9E70023D7E70120DCE70523C6
:10377000EBE70123E9E70023E7E700BF1C24002073
:1037800000040040000800401824002019240020F4
:1037900030B587B0FFF792FF08B9002415E0184D47
:1037A000287801F00BFC04460028F6D02B78013B6A
:1037B000032BF2D8DFE803F0020C161BFEF71CFE09
:1037C00000221146C0B2FEF795FD204607B030BD7D
:1037D000FEF712FEC5B2FEF70FFE0022C0F307216E
:1037E0002846F0E7FEF708FE00220621EAE7FEF78A
:1037F00003FEC5B2FEF700FE0022C0F30741EFE76B
:1038000019240020014B1878704700BF19240020AC
:1038100010B5114B1C78012C18D1022221461A70C8
:10382000FF2023464FF4FA72FFF7C8FC20460B49ED
:103830000AF057F8204609490AF07BF82046074964
:103840000AF09FF802F0E2FF204610BD022C01D1E1
:1038500005F026FD0020F8E732240020FEDE0008F7
:10386000044A0548136803F0E0031843106002F0AF
:10387000FABF00BFD04400200B00010108B502F0E0
:10388000EFFF084B186058B9FFF7EAFF064B1A78AC
:1038900042F080021A701888BDE8084002F0DCBFD0
:1038A00008BD00BFD0440020EC44002010B5104CEF
:1038B0004FF481724021204608F05AFA00220D4848
:1038C000114607F0E3FB82224FF480714FF08040F5
:1038D00008F04EFA00220848114607F0D7FB0122F3
:1038E0008021204608F044FA4FF40003A36110BD84
:1038F00000040040384600205446002010B5002146
:103900000D4807F0D3FB00210C4807F0CFFB402205
:103910000B4C1146204608F02BFA40224FF48071E0
:103920004FF0804008F024FA2046BDE810404022C5
:10393000802108F01DBA00BF384600205446002000
:1039400000040040024B1869C0F3C030704700BF4C
:10395000000800404FF40032014B9A61704700BFED
:10396000000400400222014B9A61704700040040AD
:1039700020224FF400714FF0804008F0F9B90000A8
:103980001FB54FF48023384804218361012208F0D9
:10399000EFF9FFF7B3FF354B1B78190706D50A205F
:1039A000FFF77CFB4FF47A70FFF7AEFBFEF724FDC8
:1039B000C0F307238DF804008DF80530C0F30743EA
:1039C000C0B28DF8063010B10222294B9A61FEF781
:1039D00013FDC0F307238DF808008DF80930C0F3FC
:1039E0000743C0B28DF80A3068B9FEF74DFE0128D2
:1039F00003D0204B1B691A0405D40020FEF75EFD9E
:103A00000120FEF75BFEFEF7F7FCC0F307238DF8FD
:103A10000C008DF80D30C0F30743C0B28DF80E30A6
:103A200018B9144B1B691B0418D420224FF4806171
:103A30004FF0804008F09CF900BF00BF00BF00BFFE
:103A400000BF00BF00BF00BF00BF00BF00BF00BF7E
:103A500000BF00BF00BF00BF00BF00BF05B05DF8E2
:103A600004EB05F043BB00BF000C0040D044002035
:103A700000040040000800401FB540F2A2324FF49D
:103A800000714FF0804008F073F940F2A2324FF419
:103A900080614FF0804008F06BF9FFF707FF1C4B87
:103AA0001B781B0701D5FFF70FFB1A4B1B685BB98F
:103AB000194B1B78012B07D0184B1B7813F0010012
:103AC00018BFD808FFF734F9FFF77EFDFEF794FC26
:103AD000C0B248B912480378012B05D14FF4003227
:103AE000104B9A6105F0E0FEFEF786FCC4B2FEF7CB
:103AF00083FC0022C1B22046FEF7FCFB20220421F9
:103B0000094808F035F904B0BDE8104005F0EFBAF7
:103B1000D0440020542400206424002020450020AC
:103B20009049002000040040000C004010B5FFF751
:103B3000ADFA224B224C1B6913F4007F32D1214B8A
:103B40001B6958042ED5236813B905F035FB206096
:103B5000206805F0E6FA092818D905F02DFB174B67
:103B600020601B69990511D4164C23695A040DD5A0
:103B7000FEF77EFD50B903F099FF23691B0402D4C0
:103B80000120FEF79BFD01220F4B1A700F4B1868A6
:103B900090B105F0C6FAB0F5FA7F0DD3BDE810403C
:103BA00001F00EBD05F008FB074B20601B78012BD0
:103BB000ECD105F075FBE9E710BD00BF0004004043
:103BC0005824002000080040642400203C240020E9
:103BD00007B5FEF711FCC0B2003818BF012003B0D2
:103BE0005DF804FB0E4A08B5136913F4004FC3F3E4
:103BF000C0310C4B0AD0022119700B4909698905A3
:103C000007D5002003F052FF002001E001201970C9
:103C100008BD1269520444BF01221A70F1E700BFC7
:103C200000080040642400200004004008B5FEF7AE
:103C30002BFD012806D1FEF71BFD032802D105F05C
:103C40002FFBFEE7FEF714FD032809D1BDE808406D
:103C500040F2A2324FF400714FF0804008F088B873
:103C600008BD000000230D4A13B50D4C13700D4A1A
:103C70002078137001F036FD48B948F2A7030221FD
:103C800001A8ADF8043009F00BF902B010BD20789E
:103C900001F028FD0128F8D1EFE700BF64240020DF
:103CA0007224002037240020093806280CD8DFE8C9
:103CB00000F007090B0B0B0704000320FEF7F2BC12
:103CC0000720FBE70120F9E77047000070B50446C4
:103CD000302585F3118801220F21144808F068F877
:103CE000002686F3118885F31188012209211048E6
:103CF00008F05EF886F3118885F3118801220E2101
:103D00000A4808F055F886F311886CB9094B1B78FE
:103D10001B0709D585F3118802220A214FF0804044
:103D200008F046F884F3118870BD00BF0008004019
:103D300000040040D04400200C4B07B5186802F086
:103D400092FDFEF759FBC0B2062805D1FF2003B053
:103D50005DF804EB09F0A6BAFEF74EFBC0B208B15D
:103D60009E20F4E703B05DF804FB00BFD0440020C0
:103D700047F60D6300B598428FB00FD8B0F5FC4FF1
:103D80000ED847F2967398426ED047F297739842D6
:103D90007ED047F28473984200F0A380012024E093
:103DA000A0F5FC4001380C28F8D801A353F820F006
:103DB000E53D0008193E0008413E0008B93E0008F4
:103DC0009D3D00089D3D00089D3D00089D3D00086B
:103DD0009D3D00089D3D00089D3D00089D3D00085B
:103DE0000B3F00084B791BB900200FB05DF804FBB6
:103DF000FEF702FBC0B20128F6D0FFF703FD04284E
:103E000002D010F0FD0FEFD1FEF7F6FA00220121EB
:103E1000C0B2FEF76FFAE7E74B79002BE4D0FEF76C
:103E2000EBFAC0B20228DFD0FFF7ECFC042802D086
:103E300010F0FD0FD8D1FEF7DFFA00220221E7E7EC
:103E40004B79002BD0D0FEF7D7FAC0B20328CBD0E5
:103E5000FFF7D8FC042802D010F0FD0FC4D1FEF704
:103E6000CBFA00220321D3E74B79002BBCD0FEF71D
:103E7000C3FAC0B20428B7D0FFF7C4FC042802D0AC
:103E800010F0FD0FB0D1FEF7B7FA00220421BFE712
:103E90004B79002BA8D0FEF7AFFAC0B20528A3D00B
:103EA000FFF7B0FC042802D010F0FD0F9CD1FEF704
:103EB000A3FA00220521ABE74B79002B94D0FEF743
:103EC0009BFAC0B206288FD0FFF79CFCC31EDBB262
:103ED000012B01D9002887D1FEF78EFA0022062196
:103EE00096E74B79002B3FF47FAFFEF785FAC0B21F
:103EF00000283FF479AFFFF785FC01283FF674AF47
:103F0000FEF77AFA0022114682E74B79024A1370D3
:103F1000024A137068E700BF382400205C240020A8
:103F20000F4A10B51388044605339BB2B3F5FF7FE3
:103F300088BF0523138013881178DB0544BFC9436C
:103F4000C9B2C1EB0121C1F30721FFF71FF901231A
:103F50002046BDE8104019221946FFF72FB900BFCF
:103F6000222400202DE9F047054608F0BBFF824BD4
:103F700090F800901B78814C6BB3814B1B7853B346
:103F8000236813B905F018F9206002F0EFFC7D4EAC
:103F90003368984205D002F0E9FC306005F00CF976
:103FA0002060002003F082FDFF212846FFF7EEF895
:103FB0000023FA2201212846FFF700F90022724B64
:103FC0001A800422714B1A7005F0F6F8FFF7A4F975
:103FD0000120BDE8F0876E4B6E491A696E4BC2F343
:103FE000C0321A706D4B6E4E1B69C3F380030B70A9
:103FF000002A40F0B280A9F106030E2B3260DFF8F0
:104000008C81614E674F5FD9B9F1050F00F2A08036
:10401000236813B905F0D0F8206002F0A7FCDFF8A0
:1040200088A1DAF80030984206D002F09FFCCAF866
:10403000000005F0C1F82060206805F072F84EF627
:104040006023984207D9B9F1030F04D80023012057
:104050002360FEF739FB96212846FFF797F80023E7
:10406000FA2201212846FFF7A9F800233380042310
:104070005BE0336813B905F09FF83060306805F0F5
:1040800050F8B0F5FA6F19D3FF212846FFF77EF8F4
:1040900001234FF4967219462846FFF78FF8002245
:1040A000394B1A800122394B1A703E4B1A78662A16
:1040B00007D06620187009F0F5F802E02846FFF7EF
:1040C0002FFF0023236083E7384933880878B8BB83
:1040D00002339BB2952B338003D901230B709623B7
:1040E000338031782368C1EB0121C1F3072613B96E
:1040F00005F062F8206002F039FCDFF8B490D9F8DE
:104100000030984206D002F031FCC9F8000005F0FA
:1041100053F8206031462846FFF738F8012319226A
:1041200019462846FFF74AF8032388F800303B7801
:10413000652B3FF44DAF6520387009F0B3F847E7C1
:10414000023B9BB2022B33809CBF0A703280C8E7CF
:104150002260328088F80020E9E7002B89D12846C8
:104160003360FFF7DDFE0222084B1A700D4B1A7800
:10417000642AA6D064209DE7362400202C24002049
:104180003524002048240020222400202024002060
:1041900000080040282400208C0C0020000C004067
:1041A0002424002037240020402400203124002033
:1041B00044240020042870B50C46154609D868B17F
:1041C0002C4B1A782C4B002A3BD04FF400029A61FA
:1041D0000CE0FF283DD00124204670BD274B1B7802
:1041E00033B100221146264806F050FF0024F3E7C1
:1041F000244E337843B900221146214806F046FF89
:10420000002221481146EFE7FEF732FA18B1FEF717
:104210002FFA0128EFD13378013B032BE6D8DFE8F2
:1042200003F002020707002CE5D02A460021E4E74C
:104230002CB12A460021144806F028FFD1E70022BD
:10424000F8E711B180219961D0E74FF400029A613B
:10425000C2E739B15F2200210B4806F017FFFEF7D5
:104260004FFDC3E70A46084806F010FFFEF753FD6E
:10427000B2E700BF64240020000400403224002084
:1042800038460020202400205446002047F61163C1
:1042900010B5984290B00ED8B0F5FC4F0ED847F24A
:1042A000977398425DD047F60343984267D047F230
:1042B000967398424ED0012010B010BDA0F5FC407E
:1042C00001381028F7D801A353F820F01143000853
:1042D0002F4300084743000871430008B742000815
:1042E000B7420008B7420008B7420008B7420008CA
:1042F000B7420008B7420008B7420008B7420008BA
:10430000B7420008A7430008B7420008BB430008B3
:104310000029D0D0FEF770F8C4B2012CCBD1FEF743
:104320006BF822462146C0B2FDF7E4FFC3E700293F
:10433000C1D0FEF761F8C4B2022CBCD1FEF75CF824
:1043400001222146EFE70029B5D0FEF755F8C4B2A7
:10435000032CF2E70029AED0FEF74EF8C4B2042CCD
:10436000EBE70029A7D0FEF747F8C4B2052CE4E735
:104370000029A0D0FEF740F8C4B2062CDDE70029E2
:1043800099D001220024FF211E4B08461A701E4BB3
:104390000222019300944FF4FA73FEF72FFF204698
:1043A00003F084FB87E7002985D0622008F07AFFBC
:1043B000FEF722F801220221B5E700293FF47BAF86
:1043C000124C237883F00802C2F3C00262F3C303E5
:1043D0002370206802F047FA23781B0708D5FEF700
:1043E00073FE4FF47A70FEF78FFEFEF76DFE62E704
:1043F000FEF77AFE4FF47A70FEF786FEFEF774FE43
:1044000059E700BF3224002011380008D0440020B2
:10441000F7B506460D46FEF779FF0138C0B2012810
:1044200003D804F0C9FEFEF777FFC84F3B7853B1BD
:10443000C74B1B783BB1A6F11E03022B03D9002406
:10444000204603B0F0BDC34C237843B1FEF710F90A
:104450000028F4D0002303202370FEF70FF9BE4B91
:104460001B699A0503D4BD4B1B695B04E7D447F66F
:1044700011639E420CBF4FF4FA6140F6B8313046EA
:104480006A79FFF7B9F82946304601F013F8002899
:10449000D5D029463046FFF76BFC04460028CED025
:1044A000BE2E00F2DE80A72E00F28E80462E00F295
:1044B000C1801D2EC4D91E3E282EC1D801A353F899
:1044C00026F000BF4B4A00087D4A0008AD4A0008AC
:1044D00041440008414400084144000841440008A8
:1044E0004144000841440008414400084144000898
:1044F0004144000841440008414400084144000888
:104500004144000841440008414400084144000877
:104510004144000841440008414400084144000867
:104520004144000841440008414400084144000857
:10453000414400080F4700082D4700086D47000858
:10454000E347000801480008414800088148000886
:104550009F480008BD480008DB480008F9480008EB
:1045600017490008BB4D0008A6F5FC46122E3FF681
:1045700067AF01A353F826F0EB460008414400085A
:1045800041440008414400084144000841440008F7
:1045900041440008414400084144000841440008E7
:1045A00041440008FB4C0008914C000841440008BD
:1045B000574B0008054E00083D4D0008C545000852
:1045C000D74B000800243BE7A83E162E3FF638AF35
:1045D00001A353F826F000BFF14900082D4A000856
:1045E0000F4A0008CB4900088F49000841440008E1
:1045F000AD49000841440008414400084144000816
:104600004144000841440008714900084144000841
:104610004144000841440008414400084144000866
:10462000414400084144000841440008534900083F
:1046300035490008652E7FF403AF494D287801F015
:1046400051F802283FF4FCAE287801F04BF803281B
:104650003FF4F6AE434B1C7884F01004C4F300140E
:10466000EEE647F612639E423FF6EAAEB6F5FC4F21
:10467000BFF47AAF47F603039E4200F04F8229D879
:10468000B6F5A44F00F0DB8245F202239E427FF490
:10469000D7AE6B79002B00F0E381314C207801F02C
:1046A00021F8022800F0DC81207801F01BF80328B3
:1046B00000F0D681022000F061FF002001F01BFC19
:1046C00048F2A713022101A8ADF80430002408F035
:1046D000E7FBB5E647F604039E4200F0FF8147F68C
:1046E00003439E4208BF0024AAE66B79002B3FF4E7
:1046F000A6AE1D4A0024137883F01001C1F3001107
:1047000061F304131370106802F0ADF898E6164BCD
:104710001B78DF067FF594AE6C79BE201CB100F0EB
:104720007DFE00248CE600F08FFE89E60E4B1B78A0
:10473000DE067FF585AE6C79BD201CB100F06EFE03
:1047400000247DE600F080FE7AE600BF36240020DB
:1047500035240020642400200004004000080040AC
:1047600072240020EC440020D04400209E4B1B7893
:10477000D8067FF565AE9D4C6B792078C3B100F00B
:10478000B1FF022807D1E32000F048FE2B2000F003
:1047900045FE002454E6207800F0A4FF0328F2D060
:1047A000E02000F03BFE522000F038FE002447E6F7
:1047B00000F098FF022807D1E32000F045FE2B20EF
:1047C00000F042FE00243BE6207800F08BFF032837
:1047D000F2D0E02000F038FE522000F035FE002438
:1047E0002EE6814B1B78D9067FF52AAE6C79B42072
:1047F0001CB100F013FE002422E600F025FE1FE6A7
:10480000794E3378DA067FF51BAE6B79002B3FF4D7
:1048100016AE03F055F8C3083FF411AE337803F039
:104820000603022B02D0042B7FF409AE03F048F8F4
:10483000C0F3C70003F03AF9002403F0C5F8FFE520
:10484000694E3378DB067FF5FBAD6B79002B3FF4C7
:10485000F6AD03F05FF804283FF4F1AD337803F0D0
:104860000603022B02D0042B7FF4E9AD03F028F8F5
:10487000C0F3C70003F01AF9002403F08DF8DFE558
:10488000594B1B78DF067FF5DBAD6C79AC201CB192
:1048900000F0C4FD0024D3E500F0D6FDD0E5524B76
:1048A0001B78DE067FF5CCAD6C79AE201CB100F034
:1048B000B5FD0024C4E500F0C7FDC1E54A4B1B78F7
:1048C000D8067FF5BDAD6C79AB201CB100F0A6FD1C
:1048D0000024B5E500F0B8FDB2E5434B1B78D906DE
:1048E0007FF5AEAD6C79A8201CB100F097FD0024D7
:1048F000A6E500F0A9FDA3E53B4B1B78DA067FF5A2
:104900009FAD6C79AA201CB100F088FD002497E5CA
:1049100000F09AFD94E5344B1B78DB067FF590ADF3
:104920006C79A9201CB100F079FD002488E500F025
:104930008BFD85E52C4B1B78DF067FF581AD6C790F
:104940003A201CB100F06AFD002479E500F07CFDFE
:1049500076E5254B1B78DE067FF572AD6C793B2042
:104960001CB100F05BFD00246AE500F06DFD67E519
:104970001D4B1B78D8067FF563AD6C793D201CB1CB
:1049800000F04CFD00245BE500F05EFD58E5164BA1
:104990001B78D9067FF554AD6C7940201CB100F02E
:1049A0003DFD00244CE500F04FFD49E50E4B1B7822
:1049B000DA067FF545AD6C7941201CB100F02EFD83
:1049C00000243DE500F040FD3AE5074B1B78DB068F
:1049D0007FF536AD6C7942201CB100F01FFD00243C
:1049E0002EE500F031FD2BE5D0440020722400209C
:1049F000A44B1B78DF067FF523AD6C7943201CB1F7
:104A000000F00CFD00241BE500F01EFD18E59D4B99
:104A10001B78DE067FF514AD6C7944201CB100F0E4
:104A2000FDFC00240CE500F00FFD09E5954B1B781B
:104A3000D8067FF505AD6C7945201CB100F0EEFC81
:104A40000024FDE400F000FDFAE43B78002B3FF485
:104A5000F7AC8D4A1278002A00F0DE816B790BB931
:104A60000024EDE4FEF7A4FD602008F01BFC012209
:104A700005210020FEF78AFD0024E1E43B78002BAD
:104A80003FF4DEAC804A1278002A00F0C8816B79CE
:104A9000002BE5D0FEF78CFD602008F003FC01221E
:104AA00005211320FEF772FD0024C9E43B78002B9A
:104AB0003FF4C6AC744A1278002A00F0B3816B79D7
:104AC000002BCDD0FEF774FD602008F0EBFB012237
:104AD00005212720FEF75AFD0024B1E4694E337802
:104AE000D90609D56C793F201CB100F097FC002451
:104AF000A6E400F0A9FCA3E402F00CFF0428AFD068
:104B0000337803F00603022B01D0042BA8D102F066
:104B1000D7FEC0F3C70002F0C9FF91E4594E3378C5
:104B2000DA0609D56C793E201CB100F077FC002430
:104B300086E400F089FC83E402F0C2FEC0108FD04E
:104B4000337803F00603022B01D0042B88D1C0B2C6
:104B500002F0ACFF74E46B79002B81D00322494C46
:104B60002178C1F341030133B3FBF2F202EB4202BD
:104B70009B1A0A4663F342022270206801F073FE1A
:104B800002F09EFE2378C510C3F34102012A18D01B
:104B9000022A04D07AB902F04BFF002450E415B980
:104BA000022002F099FF02F0CDFE002402F0B8FED0
:104BB00002F024FF44E46FF342032370206801F005
:104BC00052FE15B9022002F087FF02F0BBFE00245E
:104BD00002F014FF34E46B79002B3FF441AF294C11
:104BE0002378227813F0060F0FBF0223C3F341038B
:104BF000033303F0030363F342022270206801F0E1
:104C000032FE02F05DFE2378C510C3F34102012A93
:104C100009D0022AC3D0002ABDD06FF3420323700B
:104C2000206801F020FE15B9022002F055FF02F0C5
:104C300089FE002402F0FCFE02F0E0FE00E46B7945
:104C4000002B3FF40DAF114C207800F04BFD0228F3
:104C500010D1002000F092FC002001F04CF948F245
:104C6000A703022101A8ADF80430002408F018F9C8
:104C7000FFF7E6BB207800F035FD03287FF4F0AEA7
:104C8000E7E700BFD0440020352400207224002034
:104C9000664C207800F026FD02281CD0207800F019
:104CA00021FD032817D06C79E02054B100F0B6FB49
:104CB000E32000F0B3FB142000F0B0FB0024FFF76A
:104CC000BFBB00F0C1FBE32000F0BEFB142000F0EE
:104CD000BBFBFFF7B5BB6C79E3203CB100F09EFB5A
:104CE0000F2000F09BFB0024FFF7AABB00F0ACFBF9
:104CF0000F2000F0A9FBFFF7A3BB4D4B6C791B788D
:104D0000DB060AD53C2024B100F088FB0024FFF725
:104D100097BB00F099FBFFF793BB444D287834B163
:104D200000F0E0FC02283FF42EAD287834E500F0D6
:104D3000D9FC02283FF440AD287846E53B4C20786A
:104D400000F0D0FC022809D16C7924BBE32000F0EC
:104D5000B9FD062000F0B6FDFFF772BB207800F029
:104D6000C1FC0328F0D0FDF747FBC0F307238DF803
:104D7000053010F0FF04C0F307438DF804008DF8F0
:104D8000063015D0CF236846ADF80030002408F077
:104D90002FFAFFF755BBE32000F04CFD062000F092
:104DA00049FD4FF4FA6005F0D8FC0024FFF748BB3A
:104DB000CF2003F0DFFFFFF743BB1C4E307800F03D
:104DC00091FC02283FF43CAB307800F08BFC0328C8
:104DD0003FF436AB6C79E32054B100F01FFBE120C7
:104DE00000F01CFB202000F019FB0024FFF728BB7B
:104DF00000F02AFBE12000F027FB202000F024FB3C
:104E0000FFF71EBB6B79002B3FF42AAE622008F03F
:104E100049FA0024FFF714BB1C46FFF711BB1C46E0
:104E2000FFF70EBB1C46FFF70BBB00BF7224002030
:104E3000D0440020F7B5244E0546307800F052FCEF
:104E40000128044605D0307800F04CFCC11E4C42CD
:104E50004C411E4B1B781A0704D403B0BDE8F04048
:104E6000FEF742B9FDF7C8FAC0B2E8B9184F3B786F
:104E7000052B19D1FDF7C0FB164E10B9306003B0F9
:104E8000F0BD306860B9B7F84C309B0705D51048C5
:104E900006F0C6FA104805F060FC04F08DF9EDE765
:104EA00004F03FF9C728EED845B12CB1BD2003B0BE
:104EB000BDE8F04000F0EEBAA920F8E70CB1BE2042
:104EC000F5E7AA20F3E700BF73240020D0440020B8
:104ED0009049002068240020A0860100F8B5324ED9
:104EE00004463068314D002836D10023304A2B70FB
:104EF0001370304A13702B78A34227D02E4F3B7883
:104F00003BB1FDF7B5FB30B3002303203B70FDF749
:104F1000B5FB2B78A34229D22549264891F90020D8
:104F2000002A1EDD0278013A52B20270033201DA21
:104F3000FC220A70E31ADBB2012B07D091F9003092
:104F4000033302DA0020FFF775FF2C7001F014FD27
:104F500004F032F93060F8BD04F0E3F83128C4D829
:104F6000C9E7013A0A7000220270E3E7EED910495E
:104F7000104891F90020002A11DA0278013252B269
:104F8000032A027001DD04220A701B1BDBB2012B15
:104F9000DCD091F90030032BD7DD0120D3E70132BB
:104FA0000A7000220270F0E7602400205D240020D7
:104FB00030240020332400206424002008B501F0B0
:104FC000DBFC012008BD000037B5FDF751FB1F4C8D
:104FD00090BBFEF79BF978BB257895B14FF40002A2
:104FE0001B4B9A614FF080729A614FF00072C3F8C8
:104FF0001824FEF78BF938B303B0BDE8304001F058
:10500000BBBCFDF7F9F9C0F307238DF8013010F0B0
:10501000FF01C0F307438DF800008DF802300FD078
:1050200007F05CFF0378022B06D0FDF7E5F92A466E
:10503000C1B22846FDF75EF92378002BD9D0CDE721
:105040000120FEF739FAF7E703B030BD64240020F1
:10505000000400407FB52C4E306848B90020FEF7B0
:1050600097FBFFF7B1FF04B0BDE87040FEF7E8B86A
:1050700004F057F863283AD900230120336008F080
:1050800021FC012008F024FC0120FEF781FB0546ED
:1050900080B9FDF7B1F9C0B260B1FDF7ADF9C4B2A6
:1050A000B4FA84F4FDF7A8F96409C1B22A4620468F
:1050B000FDF720F902F01AFC02F02CFC10B90220D6
:1050C00002F00AFD114B124C1B7813F0010018BFBF
:1050D000D808FDF72DFE207800F004FB60B948F2F7
:1050E000A70302216846ADF8003007F0D9FE336807
:1050F000002BB3D004B070BD207800F0F3FA012883
:10510000EDD048F2A713ECE75424002020450020FE
:105110007224002004F0C4B810B5294C0023227872
:10512000032A0FD8DFE802F0021527390A21254AA1
:105130009170D370FDF714FA022805D0214803F0CE
:10514000F3FD0123237003E008F062FD0028F5D091
:1051500010BD1C4A9370F623D370FDF701FA0228A4
:1051600004D0184803F0E0FD0223EBE708F050FDFF
:105170000028F6D0ECE7F621124A9170D370FDF7C3
:10518000EFF9022804D00F4803F0CEFD0323D9E73E
:1051900008F03EFD0028F6D0DAE70A4A93700A23A9
:1051A000D370FDF7DDF9022804D0064803F0BCFDFA
:1051B0000023C7E708F02CFD0028F6D0C8E700BFA1
:1051C000342400204C240020024B1B780BB1FFF745
:1051D000A3BF70475C24002008B501F07BFF4FF4AB
:1051E000FA7005F0BAFABDE8084001F073BF00009C
:1051F0002DE9F8430024DFF84080DFF840900025D7
:105200000126EFB23946204601F09CFE20B1052C64
:105210000BD10DB989F800600135122DF1D101349F
:10522000E4B2062CEBD1BDE8F88357EA040308BFCB
:1052300088F80060F0E700BF362400203524002005
:1052400073B50024374B384D1C70384B01261C6059
:10525000FEF714FB22464FF40041354806F088FD66
:1052600020220421334806F083FD4FF40033284602
:10527000AB610122022106F07BFD2846012280213C
:1052800006F076FD4FF400032846AB612A4D4FF43B
:105290008172402106F06CFD2946EE60274805F03A
:1052A000E3FE82224FF480714FF0804006F060FDF3
:1052B0002946EE60224D234805F0D6FEFEF7EAF9B6
:1052C0002846FCF7B9FF03F077FF1F4B3246186002
:1052D0001E4B2146019320464FF4FA730094FDF7CC
:1052E0008DFF1B48FDF748FE15F8013C1B0716D53E
:1052F000FDF7EAFE002002F0D9FB02F03FFB38B1D7
:10530000144B1B7803F00603042B01D1FDF7B8FD05
:10531000FFF76EFF02B0BDE8704001F046BBFDF73D
:10532000E3FEE7E732240020000400403C24002094
:1053300000080040000C0040900C0020384600207F
:10534000D14400205446002054240020653F00082A
:10535000DD4E0008D044002070B5037805460B2BC5
:105360000E460BD10124447003F026FF044B314656
:1053700018602846FDF71AFB204670BD0020FCE7A8
:105380003C24002005280DD805290BD8112A09D85E
:105390006C235843122303FB0100034B104433F8E2
:1053A000100070470120704794E00008A0F580735A
:1053B000B3F5F85F10B526D210F4805F00F4807367
:1053C00000F4007400F4806100F400620DD0002B42
:1053D0000CBF002010200CB140F0200009B140F0BB
:1053E00040000AB140F0800010BD181E18BF012017
:1053F0000CB140F0020009B140F00400002AF3D0E3
:1054000040F00800F0E70020EEE710B50C46FFF78B
:10541000CDFF2346BDE8104018470000A0F1E0038F
:10542000072B10B5044600D940B920460449FFF7C0
:10543000ECFFE0B2BDE8104000F0FCB90149F6E72E
:1054400085590008AD5D000810B50446C0B200F0F3
:1054500039FAA4F1E003072B00D92CB903492046FF
:10546000BDE81040FFF7D1BF0149F8E797590008A0
:10547000BF5D000838B505460C46FFF7CFFF1CB9E5
:105480002846FFF7E1FF38BD6420013C05F065F9CF
:10549000A4B2F4E708B539280CBF50210121FFF769
:1054A000E9FF08BD012070470120704701207047C7
:1054B00001207047012070477047704708B5FFF71B
:1054C000FCFF08BD012070477047704713B502AB61
:1054D00003E903000F4B1B78B3B99DF8053073B196
:1054E0006AB100F0ABFD04460146009800F074FD7F
:1054F0002046009902B0BDE8104001F0FBBB0098C7
:1055000000F084FD0446F3E7009800F097FD009951
:10551000F0E700BF71240020034610B400885C88C7
:105520000A4640EA0440998810BCFFF7CFBF10B587
:1055300004460121FFF7F0FF2146FFF7B3FF30B12A
:1055400001212046FFF7E8FF2146FDF765F800F04E
:10555000010010BD38B500210446FFF7DDFF054608
:105560002146FFF7A9FF21462846FFF7A7FF38BDD0
:10557000012303FA00F0C0B200F091BC10B504465C
:105580000120A040C0B201F060F92046BDE8104003
:10559000FFF7EEBF0120704708B5FFF7FBFF08BD1E
:1055A00010B5044600F02CFC2046FFF78BFF204688
:1055B000FFF7F2FFBDE8104046F2A81005F0CDB8A5
:1055C00008B50120FFF7ECFFBDE8084003F042BE3C
:1055D00008B50020FFF7E4FFBDE8084003F060BE17
:1055E00038B501210546FFF797FF29460446FFF726
:1055F0005FFF08B9002038BD29462046FEF708FFA6
:105600000028F7D02946204603F047FA0028F1D0B9
:105610002946204602F06CFA0028EBD029462046A5
:1056200003F040F90028E5D02946204602F094FC1A
:105630000028DFD02946204602F068FC0028D9D097
:105640002946204603F07CF90028D3D0294620467D
:1056500001F056FC0028CDD06B797BB147F65A4358
:105660009C4222D00ED847F601439C421AD047F6FE
:1056700003439C4214D0B4F5F84F0ED02846FFF7F0
:1056800015FFB8E747F65B439C4211D047F65C43F1
:105690009C42F3D101F0A8F8F0E7FFF791FFA9E7EA
:1056A00001F0B4F8FFF794FFA4E701F0A9F8E5E7EB
:1056B00001F0A9F8E2E708B5FFF706FFFEF760F989
:1056C000002002F0F3F9BDE8084000F05FB808B52B
:1056D00002F00CF900F05FF8FFF7F7FEBDE80840B4
:1056E000FEF7CAB9034600091CBF034604209A0806
:1056F0001EBF13460230C0B25B081CBF0130C0B2EF
:10570000704701207047000010F0010FC2B214BFB3
:105710004FF400714FF0007112F0020F14BF4FF4FC
:1057200080724FF08072024B9961024B9A61704710
:10573000000800400004004038B50546FFF7E1FFCF
:10574000044610B12846FFF7DFFF204638BD0000B1
:1057500010B50B4C012220464FF4007106F008FBF7
:105760004FF00073A4F58064C4F8183401224FF49C
:105770008071204606F0FCFA4FF08073A36110BDE3
:105780000008004008B5FFF7D7FF08BD08B50020A6
:10579000FFF7F8FF08BD08B503F0ACFAFFF7F2FF1A
:1057A00008BD000010B503F0A5FA074B04461A78AF
:1057B000824207D0187003F0FFFC044B18602046AB
:1057C000FFF7E0FF10BD00BF702400206C24002014
:1057D0001FB56C4684E803009DF805300BB100F05E
:1057E000FFFE0023ADF80E3094E80300ADF80C1076
:1057F000C9B2029002AC29B994E8030000F04AFE55
:1058000004B010BD2046FFF792FE0028F4D1F7E760
:105810000379012B02D1008800F030BC704708B535
:1058200029B102F0FBFCBDE8084002F0CBBD02F05C
:1058300053FDF8E710B50446002840D0031FDBB243
:10584000A02B0ED803F0D8FA20B1204603F064FB59
:1058500000F05EFF204603F041FBBDE8104000F081
:1058600057BF00F12003DBB2072B07D800F0070475
:105870000120A040C0B200F08DFEEEE700F15B0316
:10588000DBB2022B05D8BDE81040243880B203F00B
:1058900055BA00F15803DBB21A2B06D8BDE8104008
:1058A000074A32F8130003F065BA3334E4B2122C1D
:1058B00005D802F0B3FCBDE8104002F083BD10BD76
:1058C000A4E5000808B50346A0B3021FD2B2A02A7F
:1058D00005D803F021FBBDE8084000F019BF00F136
:1058E0002002D2B2072A07D800F00703012098400F
:1058F000C0B200F057FEEEE700F15B02D2B2022A1E
:1059000004D8BDE80840002003F018BA00F158029E
:10591000D2B21A2A04D8BDE80840002003F02ABAFF
:105920003333DBB2122B05D802F0D6FCBDE80840B9
:1059300002F048BD08BD000038B50C460546FFF72B
:1059400079FF9CB140F2E73009494FF47A72A4FB29
:10595000014120184FF0000341F10001FAF746FC25
:1059600004F0FBFE2846FFF7ADFF38BD0120F7E746
:10597000A086010008B539280CBF50210121FFF78E
:10598000DBFF08BD08B528B100F004FEBDE8084003
:1059900000F0BEBE08BD08B528B100F003FEBDE8AA
:1059A000084000F0B5BE08BD2DE9F0478779814673
:1059B0000C46457900F0DEFD3F09064608B32E4649
:1059C000FDB1C4F3072303F0F002402A0CD0E1B28A
:1059D00001F12002D2B2072A26D903F0E003202BDE
:1059E00002D1012920D90FB3A04B5E7816F004062E
:1059F00007D0022000F0C8FE00F0BCFD80F00106D8
:105A0000F6B2C4F3033ABAF10B0F3ED8DFE81AF04E
:105A10001000100049004900A300BA003D003D00FD
:105A2000BF001D01300130010026EAE73E46E8E7ED
:105A3000C4F30723C4F3032713F0F00F18BF3F018B
:105A4000E4B285B157B104F12003DBB2072B38462D
:105A500000D92CB900F09EFD00F05AFE204640E02F
:105A600000F0AEFDF8E72046FFF72CFF6FB104F120
:105A70002003DBB2072B384600D914B900F092FDA1
:105A800001E000F0A5FD00F043FEAAF1080ABAF11A
:105A9000030F00F2428103F02DF9BDE8F047FFF754
:105AA00071BEC4F3072303F0F003C4F30328202BD3
:105AB000E4B218BF4FEA08182CB1012C34D0002DE5
:105AC0003CD0DFB1CAE7694B5B785A0714D45DB1AB
:105AD000B8F1000F04D0404600F05CFD00F018FE65
:105AE0000020FFF7A7FED0E72846FFF7EBFEB8F14E
:105AF000000FCAD04046C1E755B11FB94046FFF775
:105B000041FFC2E7012FC0D1404600F089FDBCE74C
:105B1000002FBAD14046FFF73EFF404600F08EFD11
:105B2000404600F069FDB0E715B1052FADD8E5E7B7
:105B3000042FAAD84046FFF72EFFA6E7002FF9D082
:105B4000392C0CBF4FF4FA50642004F006FE2046B6
:105B5000FFF7B8FE99E714F4406FC4F3812307D030
:105B6000012B92D165B1C4F3090003F003F98CE76E
:105B700025B1C4F3090003F0E1F886E72846FAE707
:105B80002846F2E72946E0B2FFF749FE7DE714F424
:105B9000407F29D1002D7FF478AFC4F342108000FC
:105BA000C2B204F00F0014F0100300FA02F0C5B204
:105BB0001EBF0F209040C043C4F3812418BFC3B25E
:105BC000022C43EA050009D0032C0AD0012C02D094
:105BD00000F070F959E700F065F956E700F072F946
:105BE00053E700F05CF950E7C4F301220DB312F063
:105BF000010F3FF44AAFC4F342108000C2B204F078
:105C00000F0014F0100300FA02F0C5B21EBF0F20FF
:105C10009040C043C4F3812418BFC3B2022C43EAAE
:105C200005000CD0032C0DD0012C05D000F094F908
:105C30002BE712F0020FDCE700F086F925E700F011
:105C400093F922E700F04CF91FE7E7B2C4F303240D
:105C500025B1204600F056F9384650E73846FFF7A0
:105C60009AFE204600F05AF90FE700BFEC440020EE
:105C70005FFA84F8A8F1F003042B39D8DFE803F0C9
:105C800003220E151E003DB1042F3FF6FEAEC4F3F5
:105C9000042000F04DF9F8E6052FF6E7C4F30420E0
:105CA000002DDFD100F02EF9EFE625B1C4F304207A
:105CB00000F021F9E9E600F01BF9E6E6224B5B78FB
:105CC0005B0704D4C4F30420002DCBD0EAE72DB148
:105CD0000321C4F3042000F035FDD6E6012000F0D6
:105CE00053FD012F7FF6D1AE022000F04DFDCCE632
:105CF0002DB10FB14046F4E6C4F30420D2E74FB112
:105D0000B8F1390F0CBF4FF4FA50642004F025FDB0
:105D100040461DE7C4F30420A4E79EB100F022FC36
:105D200010F001000ED189F8050000F015FC00F01C
:105D3000E9F8484600F01CF800F00EFCBDE8F0471A
:105D400000F0ECB8BDE8F087EC44002038B50188DD
:105D50000446407900F09EF9054600F00DF900F088
:105D60009DF829462046BDE83840FFF71DBE0000DB
:105D7000037910B50446B3B1FFF732FC68B900F0FF
:105D8000F9FB80B1637973B1074B5B785B070AD588
:105D9000BDE81040022000F0F7BC2046FFF7D6FF18
:105DA0002046FFF7D7FB10BDEC44002008B528B112
:105DB00000F006FCBDE8084000F0AABC08BD08B52C
:105DC00028B100F005FCBDE8084000F0A1BC08BD0A
:105DD00008B5002002F0B2FF002002F0CBFF00F077
:105DE000FFFB00F095FC02F009FBBDE8084002F063
:105DF000E9BA08B503F0AEF8BDE80840FFF7E8BF20
:105E000008B500F0D7FBBDE80840FFF7F2BFC0F3CC
:105E10000333062BC2B213D094BF0E33063303F004
:105E20000F03012B10D8F02A10D004D8E72A8CBF1A
:105E3000002001207047F42A14BF00200120704781
:105E4000E72A03D9F12AF7E70020704701207047BD
:105E500008B50346007930B1188800F00FF9BDE8A5
:105E60000840FFF7D4BF08BD82B002AB03E90300CE
:105E700002B0704782B002AB03E9030002B0704782
:105E8000704708B5FFF7FCFF08BD000008B5FFF735
:105E9000F8FF014B187008BD722400207047FFF70F
:105EA000F5BF0000024B1B781843FFF7EFBF00BFA0
:105EB00072240020024B1B781840FFF7E7BF00BF99
:105EC00072240020024B1B785840FFF7DFBF00BF51
:105ED00072240020704708B5FFF7FCFF08BD0000E2
:105EE00008B5FFF7F8FF014B187008BD73240020B8
:105EF0000020FFF7F5BF012303FA00F0C0B2FFF75F
:105F0000EFBF0000012303FA00F0034B1B78184396
:105F1000C0B2FFF7E5BF00BF732400200123034A8E
:105F20008340107820EA0300FFF7DABF73240020D3
:105F3000012303FA00F0034B1B785840C0B2FFF76F
:105F4000CFBF00BF73240020024B1B781843FFF71C
:105F5000C7BF00BF73240020024B1B781840FFF717
:105F6000BFBF00BF73240020024B1B785840FFF7CF
:105F7000B7BF00BF73240020704701F00703C908B2
:105F800030B501EB410101240139114400229C404C
:105F9000E4B211F8015F20FA02F343F300036B400F
:105FA000234001326B40032A0B70F2D130BD002236
:105FB00010B500F00704C00800EB40000144104693
:105FC0008B5CE34003F00103934001321843032A42
:105FD000C0B2F5D110BD000082B0ADF80400C0F32E
:105FE000072005280B460CD89DF80410112908D865
:105FF00000EBC00001EB40011846034A02B0FFF776
:10600000BCBF02B0704700BF7424002082B0ADF85E
:106010000400C0F3072005280BD89DF80430112B8D
:1060200007D8054900EBC00003EB400002B0FFF7C2
:10603000BEBF002002B070477424002073B5052451
:106040000C4BADF804001E780B4B1B781E4346FA30
:1060500004F3DB07E5B205D4013CF8D2002528465D
:1060600002B070BD2846019900F055FE80B20128AB
:10607000F2D0F4E7732400207224002007B5ADF8B5
:1060800004000198FFF7DAFF019903B05DF804EB13
:1060900000F041BE13B5104BADF804101B782BB1C6
:1060A000019802B0BDE81040FFF7E8BF70B1019859
:1060B000FFF7C4FF044601460198FFF78DFF204615
:1060C000019902B0BDE8104000F025BE0198FFF72D
:1060D0009DFF0446F3E700BF7124002010B50124A2
:1060E00004FA01F104FA02F20A43D1B202408A42F0
:1060F00004FA03F406BF2043C0B2A04310BD000061
:1061000008B513460A46014603480078FFF7E6FF44
:10611000BDE80840FFF7E4BE73240020F8B50C4B3F
:106120000C4E1C780C4D3378A34200D1F8BD05EB22
:10613000C40335F834005F889A88D98840EA07405C
:1061400042EA01410134FFF795FE04F00704EAE753
:10615000E7240020E6240020A6240020064B10B4EB
:1061600018885C889A88D98840EA044042EA01414C
:1061700010BCFFF77FBE00BF9E2400201A4AF8B56E
:10618000937913F0F00F0AD1537943B1174B1849A3
:106190001B780D7816885788164CAB4200D1F8BD95
:1061A00004EBC3010879D0B134F83300B04216D102
:1061B0004879A0B94888C01B80B2C7280FD80120F1
:1061C000937960F3071393718B7960F307138B71E5
:1061D0000548FFF7CDFDBDE8F840FFF79FBF01334D
:1061E00003F00703D9E700BF9E240020E724002026
:1061F000E6240020A6240020F0B50D4B0D4C1B78A2
:1062000026780D4CB34201D10020F0BD04EBC3054C
:106210006F788F4206D114F83370874202D16D79BE
:10622000954203D1013303F00703EBE70120ECE7CC
:10623000E7240020E6240020A62400202DE9FF47C3
:10624000E8460446924D062201464046FAF7A2F976
:106250002B7967792279C3B9AAB18FB12046FFF7AC
:10626000F7FD064660B1082221462846FAF792F962
:106270002846FFF7CDFAFFF781FFFFF76FFF4CE0ED
:106280002046FFF775FD012647E0B4F802906B88C1
:106290006E79A9EB03039BB2002E00F0B280C72BEE
:1062A00000F28A80002A38D0AB79298813F0F00FE9
:1062B000228850D191420FD1002F40F0E38001227B
:1062C00062F30713AB71FFF749FF2846FFF750FD54
:1062D000AB79A371002620E0002F40F0D380257811
:1062E0003A4628466178FFF787FF2846FFF784FF84
:1062F00005460028EED10098FFF7C0FEC0F3033238
:10630000032AC3B20DD8012A15D910F4706F17D023
:10631000A27912F0F00F13D12E46304604B0BDE83A
:10632000F087063202F00F02012A0ED92046FFF74D
:106330001FFD3546F0E710F4706F01D0002BEBD055
:106340002033DBB2072BE7D9F0E7EF2BE4D90F338B
:10635000DBB2022BF7E791420AD14FB92046A37175
:10636000FFF706FD082221462846FAF713F984E7CD
:106370002046FFF76DFD002882D0002F80D0AB793A
:106380001F2B0FD92A8802A8ADF808202A79ADF86A
:106390000A908DF80C2000228DF80E308DF80D201B
:1063A000FFF7E6FC082221463948FAF7F3F8FFF731
:1063B000E5FEFFF7D3FE66E7AB7913F0F00A0ED1E6
:1063C00098E80300FFF750FD2846FFF7D1FC0822AC
:1063D00051462846FAF754F9FFF7C0FE7AE7002A3B
:1063E0009BD0298822889142C2D1002FC0D120465B
:1063F000A371FFF7BDFC082239462846FAF740F999
:106400008BE7C72B34D8002A3FF43DAF3E46002F20
:106410003FF436AF2A8823889A421CD1AB79DA0739
:1064200013D413F0F00210D0F02AA37106D0DBB21F
:10643000C3F30312013262F30713A3712046FFF77F
:1064400097FC0822214612488FE70822214610486F
:10645000FAF7A0F861E72046FFF7FAFC0028A1D17F
:10646000AB79204643F00103AB71FFF781FC54E7A1
:1064700098E80300FFF7F8FC082231462846FAF7AF
:10648000FFF8FAE6AB7943F00103AB7122E700BFF6
:106490009E240020F0B585B06C4684E803002046B9
:1064A000FFF7CCFE284F0646284D68B19DF8043012
:1064B0001BB194E80300FFF7DDFC254C28783B78FE
:1064C000834226D105B0F0BD9DF8042002AB94E8CC
:1064D000030083E80300002AEFD038782A78441CB0
:1064E00004F0070494420AD01946194B082203EB22
:1064F000C000FAF74FF83C70FFF710FEDDE7FFF73A
:106500007FFC0822314613483E702E70FAF7B8F827
:10651000D3E704EBC000FFF791FE0028D2D02B7820
:1065200034F8330004EBC3035E889A88D98840EAC4
:10653000064042EA0141FFF79DFC2B78013303F04E
:1065400007032B70BAE700BFE6240020E7240020F1
:10655000A62400209E240020014B1878C008704714
:1065600038250020024B187800F00700704700BF64
:1065700038250020034B187810F0070018BF0120C1
:10658000704700BF38250020014B1878704700BFC6
:106590003B250020024B1A7810431870704700BF4B
:1065A0003B250020024A137823EA0003137070474A
:1065B0003B2500200022014B1A7070473B2500202C
:1065C000024B1A7810431870704700BF3C2500201A
:1065D000024A137823EA0003137070473C25002019
:1065E0000022014B1A7070473C250020704708B507
:1065F000FFF7FCFF08BD000008B5054A1378034209
:1066000004D023EA00001070FFF7F1FF08BD00BFBF
:1066100039250020704708B5FFF7FCFF08BD0000D2
:1066200008B505490B7830EA030C03D003430B701F
:10663000FFF7F1FF08BD00BF3A25002008B5054A65
:106640001378034204D023EA00001070FFF7E3FF41
:1066500008BD00BF3A25002008B5044B1A781AB1CE
:1066600000201870FFF7D7FF08BD00BF3A250020B3
:1066700010B5084B1C78084B1B781C43074B1B7844
:106680002BB11C4302F092FB08B1FFF7E5FF204657
:1066900010BD00BF3B2500203C2500203A250020EE
:1066A00038B50B4C2568FFF7E3FF287024680822F3
:1066B00020460849F9F73AFF48B121460822054823
:1066C000F9F768FF2046BDE8384002F01BBB38BD33
:1066D000C40C00203025002038B50B4C2568FFF78E
:1066E000C7FF68702468202220460849F9F71EFF7A
:1066F00048B1214620220548F9F74CFF2046BDE865
:10670000384002F007BB38BDC80C0020102500201F
:1067100008B502F0BDFC012808D1064B93F9003002
:10672000002B03DABDE80840FFF7D6BFBDE80840FC
:10673000FFF7B6BFEC440020704708B5FFF7FCFF39
:1067400008BD0000094A10B5527852070AD5084C16
:1067500041EAC0012170FFF7D5FB2078C008FFF7A0
:10676000ECFF10BDBDE81040FFF7CCBBEC440020AF
:1067700038250020002008B5024B1870FFF7DDFF18
:1067800008BD00BF3825002008B50A4A137823EA5F
:106790000000107042070CD198420AD0064B5B787B
:1067A0005B0706D5C008FFF7B9FBBDE80840FFF757
:1067B000E1BF08BD38250020EC440020094A08B597
:1067C0005378C3F3800181420AD060F3820353708F
:1067D000108800F041F8BDE808400220FFF7D4BF60
:1067E00008BD00BFEC440020044B5878C0F3800083
:1067F00080F0010000F00100FFF7E0BFEC44002052
:106800000120FFF7DBBF0020FFF7D8BF08B500204D
:1068100000F07CFDBDE808404FF6FF71002000F05D
:1068200057BD08B5002000F0ECFC4FF6E563984238
:1068300003D1BDE8084002F0D1B8002008BD022015
:1068400000F0D0BC032000F0CDBC0146032000F0D6
:1068500031BD042000F0D5BC0146042000F038BD55
:106860000F2000F0DDBC01460F2000F03FBD0146C7
:10687000132000F03BBD0020FFF7F9BF08B5002052
:10688000FFF7F1FFFFF7F7FF08BD000007B5002095
:1068900000F03CFD4FF6E561002000F019FD0021FD
:1068A000022000F007FD01201B4B1870FFF7CDFF01
:1068B0004FF4A051042000F00BFD0021062000F051
:1068C000F9FC0021072000F0F5FC0021082000F071
:1068D0000DFD0021232000F0EDFC00210C2000F034
:1068E000E9FC00210D2000F0E5FC002300226846B1
:1068F000CDE900231721082200F0C2FC00211F204F
:1069000000F0F4FC002002F07DF802F0A5F8FFF79B
:10691000B5FF03B05DF804FB72240020FFF7B6BF9B
:1069200001460E2000F0C6BC73B502F07BFC0B4D97
:1069300004462B8883420ED00026ADF8006002F09A
:1069400071FCADF80460ADF8020002AB13E903007E
:10695000FEF73EFF2C8002B070BD00BF482500202E
:10696000014B186802F0DDBB40250020014B186880
:10697000704700BF4425002008B502F01DFC024B03
:106980001860024B186008BD4025002044250020F7
:106990007047704708B5FFF7FCFF08BD704708B5A2
:1069A000FFF7FCFFFFF7F6FF08BD7047704708B51B
:1069B000FFF7FCFFFEF744FC08BD01207047000014
:1069C00008B5054800F0AEFA00F09EFCFFF7E0FFC6
:1069D000BDE80840FFF7E3BFFD6E000801207047E7
:1069E00008B5FFF7FBFF08BD704708B5FFF7FCFFD0
:1069F000FBF740FDFDF79AF808BD000008B5FFF76A
:106A000010FF08B9FFF78AFFFFF719FF084B18704E
:106A1000FFF71FFF074B188001F0CBF8FFF712FFBD
:106A2000FFF73DFA044B1878BDE80840FFF753BA6A
:106A30004A250020EC4400207324002008B502F011
:106A4000B9FB02F019F800F02BFBFFF7D7FFFEF7B8
:106A50007FFEFCF721FA00F049FFBDE80840FFF790
:106A6000A6BF00002DE9F04F85B0FFF7A6FF50B993
:106A7000FFF75AFFFCF79CF901F0E8FC05B0BDE810
:106A8000F04FFEF78FBE2C4F00F024FB3E46002453
:106A9000E0B256F8045B00F061FA052C49D085425B
:106AA00004F10104F4D0254B1B789B0701D500F0BD
:106AB0005BFAFFF795FF00264FF0010B00905FFA9D
:106AC00086F9484600F04AFA57F8043B04469842D3
:106AD00029D000254FF0010843400DF1080A13EAC0
:106AE000080F18D0009AB2B101938DF808508DF8B4
:106AF000099002F097FB14EA080F14BF012100214E
:106B0000ADF80A008DF80CB08DF80D109AE803006E
:106B1000FEF75EFE019B0135EDB2122D4FEA4808EB
:106B2000DDD147F8044C0136062EC8D1FFF724FF0B
:106B3000A0E78542B7D19BE7D44400204A25002036
:106B400038B500F0F3F8B0F5A44F044643D2B0F5E1
:106B5000A04F80F0AC80DF2816D8CC2800F28A80C5
:106B6000A7280AD8A42878D8012804D0031F9BB2EC
:106B7000A12B28BF0024204638BDA0F1A8039BB25A
:106B80001A2B6FD90024F6E7B0F5804F19D2B0F573
:106B9000005F80F09C80E728EDD9A0F580739BB260
:106BA000B3F5F85FEED2C0F3072000F045F90546D3
:106BB000E0B200F0BBF82D0205F4F8550543ACB285
:106BC000D9E7C0B200F0B2F804F47064044344F4AE
:106BD0002044A4B2CFE7B0F5A54F21D245F25F2300
:106BE000984251D845F23F2398420ED845F21F23D0
:106BF000984242D80124C0F3850300F0030084408A
:106C000044EA431444F40D44E3E70124C0F382034F
:106C100000F00300844044EA431444F40C44D8E7F1
:106C200045F2BF2398420AD845F29F23984200F0CC
:106C30001F0034D84AF2F40444EA00249BE7A0F58C
:106C4000A543403B9BB21F2B9CD8040204F4F8548C
:106C500044F4204444F0F0048DE7A0F1240444F40B
:106C60008044B6E7224B5834E4B233F8144044F47D
:106C7000884480E740F4A044ABE74AF2F10300F017
:106C80001F0443EA042476E70124C0F3820300F0E2
:106C90000300844044EA431444F40A4499E700F0B2
:106CA000CBF8040204F4F85444F4005463E700F011
:106CB0001F0000F0C1F8C306C4F3431448BF00012D
:106CC000240200B2204340F4104084B253E7C0F3E2
:106CD000042000F0B1F80546E0B200F027F82D02DC
:106CE00005F4F85545EA000444F4005471E700BF88
:106CF000DAE5000882B0ADF80410C1F307210529D8
:106D000006D89DF80420112A02D802B001F08CB8F0
:106D1000002002B0704707B5ADF804100199FFF7E5
:106D2000E9FF03B05DF804EBFFF70ABFE72850D88E
:106D3000DF2807D8312865D00ED8292858D02A282E
:106D400067D07047A0F1E003072B42D8DFE803F0DB
:106D50001541242933413D42392804D0822802D0EC
:106D6000352840D07047334B1A7892075CD15B7856
:106D700013F0080F18BF292070472E4A1378D9073F
:106D80004ED4527812F0010F23D013F0100F08BF29
:106D9000E32018BF00207047264B1B7813F0040F28
:106DA000F2E7244A137859073CD45278D2073BD4EF
:106DB00013F0100FEDE71F4B5A78910709D51B7898
:106DC00013F0100F08BFE720E3E71A4B1B781A07F0
:106DD000F6D47047174A1378190727D452789107C9
:106DE000E6D5E4207047134B1B7813F0200FC1E762
:106DF000104B1A7892061BD45B7813F0080F18BF5B
:106E0000392070470B4B1B7813F0400F18BF2A2016
:106E10007047084B1B7813F0400F18BF31207047A4
:106E200039207047E2207047E0207047E620704725
:106E30003520CEE7EC44002010B52F4C21784B07CD
:106E400013D500F01402A2F1040C00F01803DCF1D9
:106E5000000242EB0C02A3F1080CDCF1000343EB4F
:106E60000C039A4218BF80F00C000B0713D500F0FA
:106E70001402A2F1140C00F01803DCF1000242EB42
:106E80000C02A3F1180CDCF1000343EB0C039A4253
:106E900018BF80F00C006478E30713D500F01102EE
:106EA00002F1FF3C00F01803DCF1000242EB0C029F
:106EB000A3F1080CDCF1000343EB0C039A4218BF6A
:106EC00080F00900A30711D500F0110200F01803AB
:106ED000A2F111046242A3F1180C6241DCF100033B
:106EE00043EB0C039A4218BF80F00900CB0648BF61
:106EF00000F0E70010BD00BFEC4400200020704708
:106F0000A0F5A543603B1F2B10B507D84C791CB9E1
:106F100000F01F00FEF732FB204610BD0124FBE706
:106F200000207047014B1860704700BFCC0C002058
:106F300008B5FEF75DF908BD704708B5FFF7FCFF1F
:106F400008BD00000123044A8B4052F82020134260
:106F500014BF01200020704708450020014B53F862
:106F600020007047084500207047902003F02CBA9D
:106F700000BF00BF00BF00BF00BF00BF00BF00BF19
:106F800000BF00BF00BF00BF00BF00BF00BF00BF09
:106F900000BF00BF704708B5FFF7E7FF08BD08B5A1
:106FA000302383F31188012100F00F039940202240
:106FB00020F00F0004F0DCFE002383F3118808BDED
:106FC00038B512240B4D55F8040B421C01D0FFF7C5
:106FD000E6FF013C14F0FF04F5D10624064D55F8F8
:106FE000040B431C01D0FFF7DAFF013C14F0FF044F
:106FF000F5D138BD10E6000858E600082DE9F84341
:10700000DFF89480174658F8213005465A1C0E4682
:1070100040D0302282F31188012223F00F0903F0BF
:107020000F0302FA03F421464846240404F0A0FEAC
:10703000C9F81840002484F31188FFF799FF6FEA1C
:10704000070C16482A1F143550F8041B52F8043F49
:10705000B1F1FF3F1AD021F00F0EDEF810E001F081
:107060000F012EFA01F1C90710D401243B4313602C
:107070009542E9D158F82600431C01D0FFF78FFF55
:1070800021463046BDE8F843FFF785BF0CEA03030D
:107090001360EDE7BDE8F88310E6000858E6000845
:1070A00010B51824FFF78CFF224600210748F9F796
:1070B000E7FA224600210648F9F7E2FA062000F036
:1070C0003FF8BDE81040FFF733BF00BF0845002080
:1070D000F044002070B586B0182200216846F9F708
:1070E000CFFA002401252A46E1B268460134FFF7B1
:1070F00085FF122C4FEA4505F5D1182269460E4846
:10710000F9F714FA002814BF0126002607D06C46B0
:10711000094D0FCC0FC594E8030085E80300334602
:1071200006220649044800F00DF80446FFF705FF63
:10713000204606B070BD00BFF04400200845002086
:10714000704700002DE9F84307460E4615461C46D9
:10715000DFF850804BB1012388F8003002F02CF8A2
:10716000114B18600020BDE8F88398F80090B9F141
:10717000000FF7D00C4B186801F0D3FF0428F1D9A9
:10718000AD002A4639463046F9F7D0F928B12A46EB
:1071900039463046F9F7FEF94C460023204688F878
:1071A0000030E0E74B2500204C250020FFF75ABCBB
:1071B00008B501F0C4FF02F00DFCFFF701FC02F07E
:1071C0000BFCFFF73BFC02F01DFC02F021FCFFF77B
:1071D000EDFF02F01FFC02F0D7FB00F08FFDFFF780
:1071E00004FCF2E7002307B5014601220DF1070078
:1071F0008DF8073000F08CF89DF8070003B05DF8BB
:1072000004FB002307B5014602220DF10600ADF88C
:10721000063000F07DF8BDF8060003B05DF804FB11
:1072200007B50422002301460DEB0200019300F094
:107230006FF8019803B05DF804FB07B501228DF8E3
:10724000071001460DF1070000F067F803B05DF884
:1072500004FB07B50222ADF8061001460DF1060049
:1072600000F05BF803B05DF804FB07B50422019160
:1072700001460DEB020000F050F803B05DF804FB8E
:10728000F8B505461446D31D23F0070300AFADEB58
:10729000030D68460E4600F03BF822466946284634
:1072A000F9F744F920B122463146284600F035F876
:1072B000BD46F8BD38B50C460546FFF793FFA04222
:1072C00005D021462846BDE83840FFF7B6BF38BD97
:1072D00038B50C460546FFF794FFA04205D021467D
:1072E0002846BDE83840FFF7B4BF38BD38B50C4676
:1072F0000546FFF795FFA04205D021462846BDE888
:107300003840FFF7B2BF38BD00F012B900F038B80E
:107310000B460146184600F04DB80B46014618468C
:1073200000F09AB808B5064B4FF480521846002179
:10733000F9F7A6F941F2080200F580531A6008BD7A
:107340005025002010B5054C23792BB900F069F9C0
:1073500008B10120207110BD0220FCE7503500204B
:1073600010B5064C237933B100F065F910B1002354
:107370000120237110BD0220FCE700BF5035002022
:1073800038B5FFF7DFFF044618B9FFF7E9FF2046DD
:1073900038BD00F048F90546FFF7C4FF012C06D1BF
:1073A000FFF7DEFF00280CBF002505F001052C4685
:1073B000EDE7000008B5034608469918B1F5805F6F
:1073C00005D804491944F9F7E5F8012008BD002063
:1073D000FCE700BF5025002038B500F024F9044632
:1073E00008B3FFF7AFFF4FF40072054612490020C3
:1073F00000F03EF970B10EA3D3E900234FF48051A1
:107400000D4800F09BFB02460B464FF4805000F005
:1074100061F950B90024012D01D1FFF7A1FF41F21C
:107420000802064B1A60204638BD0224F3E700BF6D
:1074300025232284E49CF2CB5025002050350020E7
:10744000044B1B68B3F5005F01D3FFF7C5BF0120F4
:10745000704700BF503500208318B3F5805F2DE9D9
:10746000F34705460F4616461AD8304C00EB040881
:1074700041463846F9F75AF8002854D03246394682
:107480004046F9F787F8FFF75DFF814630B104F514
:1074900080583EB9FFF7D4FF044639E0FFF760FF9C
:1074A00000243CE0052EB24628BF4FF0050A052215
:1074B00000210DF10300F9F7E3F8C5F3024343EAB5
:1074C000CA03524639468DF800300DF103002B0AED
:1074D0008DF801308DF80250F9F75CF8DDE90023F2
:1074E000D8F8000000F0F6F8044688B1D8F800306B
:1074F0000833C8F80030FFF7A3FF0128044604D181
:10750000A6EB0A0655445744C3E7022818BF0024D7
:10751000B9F1010F03D1FFF723FF0028C0D02046A7
:1075200002B0BDE8F0870124F9E700BF5025002034
:107530007FB5FFF7F7FE00F06FF8044610B9FFF7CC
:10754000F1FE5BE04FF400720020314900F075F865
:107550002F4D044610B9FFF7E5FEF0E72AA3D3E963
:1075600000234FF48051284600F0E8FA06460C4606
:107570004FF4805002A900F078F8DDE902239C4224
:1075800008BF964201D0FFF7CDFE41F208046946DC
:10759000204600F06AF8034640B3DDE9000350EAF4
:1075A000030220D010F0C00FCDE9020304F108045B
:1075B000C1B2C0F3811318D10A0400F47F46C0F3AE
:1075C000074002F4E02230431043CA0800EBD10127
:1075D000B1F5805F0AD80DF10B012844F8F7DAFF06
:1075E000B4F5005FD3D1012300E00023094A146001
:1075F0003BB9FFF7F1FE04460028A0D0204604B0B6
:1076000070BDFFF71DFFF6E725232284E49CF2CB33
:10761000502500205035002008B500F0DDF801208D
:1076200008BD0120704708B5002000F0D7F8B0FA77
:1076300080F0400908BD0120704738B5D5002A46C2
:107640000C4600F0E8F818B921462544A94203D1B8
:10765000B0FA80F0400938BDD1E90023D243DB43C2
:1076600041F8082B41F8043CF0E70122FFF7E5BFA1
:107670002DE9F0470646884615460027C0B0202D64
:10768000A94628BF4FF020094FEAC90A524668466A
:1076900008EBC701F8F77EFF00246B464C450DD17F
:1076A00052466946304600F0D4F888B92D1B56443E
:1076B0002744E4D1012040B0BDE8F087D3E90001C0
:1076C000C043C94343F8080B43F8041C0134E5E701
:1076D0000020F0E707B5CDE9002369460122FFF756
:1076E000C7FF03B05DF804FB0022082311460148E0
:1076F00001F056BE0C08004008B5FFF7F5FF30B1A9
:10770000062001F05DFE01F093FE002008BD4FF061
:10771000FF30FBE7F7B51F468DF807100B0A090C81
:10772000064615468DF804008DF806308DF80510D4
:10773000FFF7DAFFE8B104210DEB010001F064FE70
:10774000044648B945B1022E0BD0032E0ED128466F
:10775000B9B201F063FE044601F06AFE204603B0B0
:10776000F0BD2846B9B201F04FFEF4E74FF0FF3408
:10777000F2E74FF0FF34F1E710B5FFF7B5FF88B13E
:10778000052001F01DFE01F02DFE044601F050FE23
:10779000002C05DB14F0010F14BF6FF0030400246C
:1077A000204610BD4FF0FF34FAE710B5044601F053
:1077B00003FD4FF47A7303FB040401F0FDFCA042C7
:1077C00004D2FFF7D9FF031DF7D010BD6FF0010001
:1077D000FBE70120FFF7E9BF01F066BD00F580334C
:1077E000B3F5002F10B5044612D283B283B9FFF768
:1077F000F0FF78B9FFF780FF60B9034602462146E3
:10780000D820FFF787FF28B9BDE81040FFF7E1BF98
:107810004FF0FF3010BD2DE9F04107460D461646EA
:10782000FFF7D7FF0446804638B13246002128468C
:10783000F8F726FF2046BDE8F08133462A46394650
:107840000320FFF767FF04460028F3D03246414685
:10785000EDE72DE9F04106460F46154675B9FFF7ED
:10786000B8FF044638B9FFF73FFF30B3042001F0FA
:10787000A7FD01F0DDFD2046BDE8F0815FFA86F846
:10788000C8F58078A84528BFA846FFF7A2FF0446A0
:107890000028F0D1FFF730FF04460028EBD1434623
:1078A0003A4631460220FFF735FF04460028E2D170
:1078B00047444644A5EB0805D0E74FF0FF34DAE72C
:1078C0000620FFF78FBC01460620FFF7F3BC00003F
:1078D000014B1878FFF7F7BF204500201F20024B0F
:1078E0001870FFF7F0BF00BF2045002010B5FFF76C
:1078F000E7FF074C4307207001D4FFF7EFFF237821
:10790000272B82BF042262F3C703237010BD00BF80
:1079100020450020014B1878C00870472045002002
:1079200008B5074B1878820708D440F00200187099
:10793000FFF7C9FFBDE80840FBF7A2BA08BD00BFCA
:107940002045002008B5074B1878820709D56FF34A
:1079500041001870C0B2FFF7B6FFBDE80840FBF762
:10796000ABBA08BD20450020034B1B789B0701D50F
:10797000FFF7E8BFFFF7D4BF20450020024B18787F
:10798000C0F34000704700BF20450020014B18782D
:10799000704700BFD00C002010B50A4C23781F2B75
:1079A0004FEAD3029EBF013262F3C70323702078EF
:1079B00040F001002070FFF786FF2078C008FBF739
:1079C000B7F910BD2045002010B50B4C207810F001
:1079D000F80F0BD0083810F0F80F14BF0123002364
:1079E00063F300002070C0B2FFF76DFF2078C0087D
:1079F000FBF79EF910BD00BF2045002010B50B4CD1
:107A00002378DA0710D443F00103012B04BF1A4690
:107A100063F3C702237008BF22702078FFF753FF7B
:107A20002078C008FBF784F910BD00BF2045002076
:107A300008B5074B1878C20708D56FF30000187017
:107A4000C0B2FFF740FF0020FBF772F908BD00BF8E
:107A500020450020034B1B78DB0701D5FFF7E8BF6B
:107A6000FFF7CCBF2045002010B50F4C2378C3F39F
:107A7000C402013202F01F02042A94BF62F3C7035A
:107A80006FF3C7032370207810F0F80F14BF0123A1
:107A9000002363F300002070C0B2FFF714FF2078CA
:107AA000C008FBF745F910BD20450020042828BF79
:107AB0000420084A08B5137860F3C70313F0F80FE1
:107AC00014BF0121002161F300031370FBF730F9AB
:107AD00008BD00BF2045002008B5FFF7E7FF034BB6
:107AE0001878BDE80840FFF7EEBE00BF2045002033
:107AF00008B503464879F8B1A3F5F043062B09D839
:107B0000DFE803F00409110B0E1417000420FFF73F
:107B1000E3FF002008BD0020F9E7FFF755FFF8E775
:107B2000FFF73AFFF5E7FFF795FFF2E7FFF79CFF56
:107B3000EFE7FFF719FFECE70120EBE7F0B5451899
:107B40000446194610460026AC4200D3F0BD14F896
:107B5000012B4FEA011C424093184FEA021E41EBF1
:107B600001004CEA127C13EB0E0340EB0C004FEAD1
:107B7000421E9B184FEA411C41EB00004CEAD26CBC
:107B800013EB0E0340EB0C004FEAC21E4FEAC11C80
:107B900017024CEA526C13EB0E034FEA012140EB43
:107BA0000C0041EA1261DA1940EB01013944B018C6
:107BB000CAE708B5FDF710FB08BD00002DE9F84342
:107BC000154698460246002838D0B9B3B5B3ABB3D2
:107BD000034600241F4613F8100B60BB8446184E62
:107BE00096F800E00EF10104E4B23470C4B1002351
:107BF0004FEA031912F80990A14511D001338B42C5
:107C0000F6D1BCF1000F00D034703C7001F0D4FA12
:107C1000089B05447D603078C7F80880FB6006E06B
:107C2000631CA6454FF0010CDBB202D13370BDE8F6
:107C3000F8831C46DAE701348C42CBD10020F6E70A
:107C4000D835002030B568B181B18AB1002403462F
:107C500010F8105B954206D1002201201A705A607C
:107C60009A60DA6030BD0134A142F0D10020F9E71A
:107C70001046F7E72DE9F041154604460E4601F09F
:107C80009BFA2B680746C31A002B03DD28600025EA
:107C9000B54201D1BDE8F08194F80080B8F1000F41
:107CA0000DD06068C31B002B09DCA368E16898470E
:107CB0002378434503D128B16368034463600135E9
:107CC0001034E5E720706060A060E060F7E7000036
:107CD00007B50B460092082102460348FFF76EFFE6
:107CE00003B05DF804FB00BF5835002002460821B0
:107CF0000148FFF7A7BF00BF583500200821024AFE
:107D00000248FFF7B7BF00BFDC3500205835002020
:107D100010B504460068FFF765FA23680133236055
:107D200010BD062070472423520003FB0122D821F6
:107D300001FB002028307047052838B510D80529E8
:107D40000ED8112A0CD8FFF7EEFF0546FFF74AFAC6
:107D50000402681CFFF746FAA4B2204380B238BD83
:107D60000020FCE7052870B51C460FD805290DD862
:107D7000112A0BD8FFF7D7FF0546210AFFF79AFA19
:107D8000E1B2681CBDE87040FFF794BA70BD2DE900
:107D9000F84300240025E7B212E05FFA86F94A466C
:107DA00041463846FDF7EEFA013603464A4641465B
:107DB0003846FFF7D7FF122EEFD10135062D03D03D
:107DC00000265FFA85F8E8E70134062CE2D1BDE829
:107DD000F883F8B51446002700F128055618B44278
:107DE00000D1F8BDA5F12803B3F5A26F06DA284645
:107DF000FFF7F8F9207001350134F0E72770FAE752
:107E000070B5144600F128055618B44200D170BD73
:107E1000A5F12803B3F5A26F03DA28462178FFF70E
:107E200049FA01340135F0E7052810B406D80529D0
:107E300004D8112A02D810BCFFF77EBF002010BC66
:107E400070471020704740F6C82070472DE9F04178
:107E5000144640F6C7274FF0000800F5A7655618EE
:107E6000B44201D1BDE8F081A5F5A763BB4206DCB1
:107E70002846FFF7B7F9207001350134F0E784F8A0
:107E80000080F9E7F8B5144640F6C72700F5A76566
:107E90005618B44200D1F8BDA5F5A763BB4203DC78
:107EA00028462178FFF706FA01340135F1E710B5CD
:107EB0004FF4A764204600210134FFF7FBF9B4F525
:107EC000805FF7D110BD00000F2837B504460DD8EC
:107ED00040F6FF70FFF786F940B94FF4A7653CB94B
:107EE0000122094801A9019500F018FC03B030BD3A
:107EF000B5F5805FFAD02846FFF774F908B9013C60
:107F0000E4B20135EBE700BF117D000847F61643E8
:107F1000984210B50C461BD1FEF736FB62790D4B2B
:107F200072B100F0AA00002815BF012200223520FE
:107F300029201A7000F0D2FFFEF7EAFB002010BDE6
:107F40001B78002B14BF3520292000F0E5FFF3E754
:107F50000120F4E7E035002038B5054648790028CF
:107F600000F0DC80A5F5E045ABB2222B00F2BB802F
:107F7000FEF76FFC6A4C013D2080212D12D8DFE80E
:107F800005F04DBD551B1F59235D692FB5336D3766
:107F900071973B759F417B8327612B65477F8EA936
:107FA000B31651C5237843F00103237095E063783D
:107FB00043F00803637090E0237843F00203F4E792
:107FC000237843F00403F0E7237843F00803ECE759
:107FD000637843F00103EDE7637843F00203E9E7D8
:107FE000237843F01003E0E7237843F02003DCE735
:107FF000237843F04003D8E7FDF702FF237843F0EE
:108000008003D2E7237823F00C0343F00C03CCE782
:10801000637823F0030343F00303CBE723786FF384
:108020000003C2E763786FF3C303C3E723786FF3FA
:108030004103BAE723786FF38203B6E723786FF33F
:10804000C303B2E763786FF30003B3E763786FF3BA
:108050004103AFE723786FF30413A6E723786FF3A8
:108060004513A2E723786FF386139EE7FDF7C8FE5A
:1080700023786FF3C71398E7237823F00C0394E772
:10808000637823F0030395E72378C3F3800282F03B
:108090000102D2B262F3820362F3C30385E763781D
:1080A000DA4302F0010262F3000362F3410381E765
:1080B0002378C3F3801282F0010262F3861374E71F
:1080C000FDF79EFE2378C3F3C01282F0010262F333
:1080D000C7136AE70120FEF723FC2088FEF7BCFBEC
:1080E000FDF78EFE002038BD0020F4E72378C3F3AF
:1080F000001282F0010262F3041356E72378C3F3FF
:10810000000282F0010262F300034EE76378C3F3DA
:10811000C00282F0010262F3C3034BE70120E2E7F1
:10812000EC44002000EB4003C3EB031300EB83009F
:1081300003B2002B07DAB3F1800001D503F17F0011
:1081400040F30720704703F18000F9E7164B1B78D6
:10815000D90707D5154B187840007F281FD800B3E2
:10816000C0B270479A0703D5104B18788000F4E727
:108170005B0703D50D4B1878C000EEE70C4B1B785E
:108180005BB10C4A0949127808789342F4D25843FB
:10819000C000B0FBF2F080B2DFE70820E0E77F200C
:1081A00070470120704700BFEC350020D30C002041
:1081B000ED350020D40C0020144B1B78D90705D5D1
:1081C000134B18788008F8B1C0B270479A0703D5EE
:1081D0000F4B18784008F6E75B0705D50C4B18786D
:1081E0007F28F0D97F2070470A4B1B7853B10A4A89
:1081F000074912780878934236BF584380B2B0FBE3
:10820000F2F0EDE70120DFE701207047EC350020B8
:10821000D70C0020EE350020D80C0020CD2808B562
:1082200005D1FFF793FF4042294BD87008BDCE28F7
:1082300002D1FFF78BFFF7E7CF2805D1FFF786FFC5
:108240004042234B9870F1E7D02802D1FFF77EFF20
:10825000F7E7D92804D1FFF7AFFF1D4B1871E5E709
:10826000DA2803D1FFF7A8FF4042F6E7DB2805D163
:10827000FFF7A2FF4042164B5871D7E7DC2802D126
:10828000FFF79AFFF7E700F12F03DBB2072B08D8BF
:1082900001230F4AD13803FA00F053781843507085
:1082A000C4E7DD2805D10B4A137843F001031370AE
:1082B000BCE7DE2804D1074A137843F00203F6E74F
:1082C000DF28B3D1034A137843F00403EFE700BF7C
:1082D000E6350020EC350020364BCD2893F90220FE
:1082E0000AD193F9031000290CDA0021D97052B990
:1082F0000021314A117006E0CE280DD193F9031008
:108300000029F2DC72B11A795B7913435AB2002B5F
:108310004FD12A4B1A707047CF2806D1002AF1DAC4
:1083200000229A7093F90320E1E7D02802D1002AB5
:10833000F6DCE7E7D92893F9041004D10029E1DD40
:1083400000211971DEE7DA2802D10029DADAF7E72D
:10835000DB2893F9051004D10029D3DA00215971E3
:10836000D0E7DC2802D10029F8DCCBE700F12F01AF
:10837000C9B2072907D80121D1388140587820EAAD
:1083800001005870BEE7DD2805D10D48017821F0C5
:1083900001010170B6E7DE2804D10948017821F017
:1083A0000201F6E7DF28ADD10548017821F004018C
:1083B000EFE77047E6350020ED350020EE35002070
:1083C000EC35002008B500F02DFF094BDA789978DC
:1083D0000A431CBF074A10801A795B7913431CBFFC
:1083E000054B18800248BDE8084000F09DBC00BF66
:1083F000E6350020E2350020E4350020062208B5ED
:1084000000210548F8F73CF90023044A1370044A98
:108410001370044A137008BDE6350020ED350020C6
:10842000EE350020EC35002090F902305BB990F970
:10843000033043B990F904302BB990F905000038A6
:1084400018BF0120704701207047000037B5594C14
:10845000062221466846F8F79DF800239DF8022081
:10846000A370E370237163719DF8033013430AD046
:10847000514B188800F04EFE50490B783BB3504AE0
:10848000127890422CDC9DF804209DF805301343AF
:108490000BD04C4B188800F03DFE4B490B78002B5D
:1084A0004ED04A4A1278904253DC6946414800F067
:1084B0006FFD18B93F48FFF7B7FF08B1FFF782FF1C
:1084C000062269463B48F8F765F803B030BD0A2537
:1084D0003F4A12786A439042D5DD01330B7001E0C8
:1084E000FF2BFAD19DF902503DB1FFF72FFE002D71
:1084F000CCBF0123FF235843A0709DF903503DB129
:10850000FFF724FE002DCCBF0123FF235843E0706A
:1085100094F902000028B6D094F90320002AB2D0C2
:10852000FFF700FE30B1A0701046FFF7FBFD20B151
:10853000E070A8E70123A370F6E70123E370A2E748
:108540000A25244A12786A439042AEDD01330B704B
:1085500001E0FF2BFAD19DF904503DB1FFF72CFE4D
:10856000002DCCBF0123FF23584320719DF90550F6
:108570003DB1FFF721FE002DCCBF0123FF2358435F
:10858000607194F9040000288FD094F90520002A26
:108590008BD0FFF7C7FD30B120711046FFF7C2FD49
:1085A00020B1607181E701232371F6E70123637134
:1085B0007BE700BFE6350020E2350020ED350020E6
:1085C000D20C0020E4350020EE350020D60C00202F
:1085D000D10C0020D50C00204B4B4C4A2DE9F0412A
:1085E00013F80080C308D55C494A00F00700D65C48
:1085F000484A0541D75C064115F0010547FA00F0ED
:108600000C4606F0010600F0010711D0E120FDF74D
:1086100011F9002C6AD040484FF47A72A4FB000391
:108620000021002300F2E730F7F7E0FD02F095F8B3
:108630008EB1E620FDF7FEF8002C59D036484FF4F5
:108640007A72A4FB00030021002300F2E730F7F761
:10865000CDFD02F082F821464046FDF76DF9002C71
:1086600048D02D484FF47A72A4FB00030021002368
:1086700000F2E730F7F7BAFD02F06FF886B1E620B6
:10868000FDF720F9C4B324484FF47A72A4FB000329
:108690000021002300F2E730F7F7A8FD02F05DF8B3
:1086A00085B1E120FDF70EF944B31B484FF47A720F
:1086B000A4FB00030021002300F2E730F7F796FD4A
:1086C00002F04BF8F7B12C20FDF754F9C4B1124871
:1086D0004FF47A72A4FB00040023002100F2E7307B
:1086E000F7F784FDBDE8F04102F037B801209DE7BF
:1086F0000120AEE70120BFE70120CFE70120DFE73F
:108700000120EFE7BDE8F08190E6000810E70008DF
:1087100070E6000880E60008A08601002DE9F84F09
:10872000304C0546A2FB04030E46174600234FF4C7
:108730007A72002100F2E730F7F758FDA046814633
:108740003046A84788B1012847D13046A8470128BC
:1087500004460CD13046A847FDF70CF9002F3AD05B
:10876000484601F0FAFF002CEAD1BDE8F88F022854
:1087700004D13046A847FDF75DF8EFE7032804D1A0
:108780003046A847FDF79EF8E8E70428E6D13046D2
:10879000A8474FF0000B04464FF00A0A124BE15C69
:1087A00011F004010ED1BBF1000F12D040F2E730FE
:1087B0004FF47A720023CBFB0801F7F717FD01F0A5
:1087C000CCFFCBE73046A847303C0AFB0B4B0446B6
:1087D000E4E70120F3E70120C3E73946FFF7FCFE99
:1087E000AEE700BFA086010079DD0008F8B51446A9
:1087F00042791D469DF81870284B92B11C7000F00C
:1088000011FD274B188004F12003DBB2072B44D85D
:10881000012004F00704A040C0B2BDE8F840FDF715
:10882000B1B81E78A6422ED11D4B188800F072FCFC
:10883000C72828D8AE4205F1200415D006F1200340
:10884000DBB2072B06D8012006F00706B040C0B205
:10885000FDF7A1F8E3B2072B06D8012005F00703C6
:108860009840C0B2FDF78EF83846E4B2FDF782F8C2
:10887000072C12D8012005F00705A840C0B2BDE8BA
:10888000F840FDF788B804F12003DBB2072B04D8C9
:10889000012004F00704A040F0E7F8BDEF35002008
:1088A000F03500200346A3F5F843183B07B508460A
:1088B000062B3BD8DFE803F0171E0410252C3300ED
:1088C00026230093E12347F61A411A46FFF78EFF4D
:1088D000002003B05DF804FB27230093E52347F64F
:1088E0001B411A46F2E72623E022009347F618417F
:1088F000E123EBE72723E422009347F61941E52320
:10890000E4E72623E222009347F61C41E123DDE75A
:108910002723E622009347F61D41E523D6E72823C7
:10892000E522009347F61E410123CFE7487918B1AD
:108930000022024B1A70CCE70120CAE7EF35002075
:1089400047F67743984270B506D047F67843984289
:1089500029D00124204670BD4C7994B100F02CF848
:10896000FDF7D0FA00F028F8044600F02BF8054691
:1089700000F02EF8294602462046FDF7C1FB0024F0
:10898000E8E700F019F8FDF7C9FA00F015F8054618
:1089900000F018F8064600F01BF83146024628465B
:1089A000FDF7AEFBD6E74C7914B100F00BF8D7E732
:1089B00000F008F8E7E70000014B1878704700BFA7
:1089C000DA0C0020014B1878704700BFDB0C002048
:1089D000014B1878704700BFD90C0020242008B53F
:1089E000FEF700FC252801D0002008BDFEF7FAFBA9
:1089F0001128F9D12620FEF7F5FBA0F11203584209
:108A00005841F2E710B5041E14BF2521FF21242090
:108A1000FEF750FC002C14BF1121FF212520FEF78A
:108A200049FC002C18BF1221BDE8104008BFFF21EF
:108A30002620FEF73FBC704708B52720FEF7D2FB83
:108A400008BD704710B50446FFF7FBFFE1B22720D1
:108A5000BDE81040FEF72EBC08B50020FFF7D2FF9E
:108A60000020FFF7EFFFFFF792F9FFF720FABDE8CC
:108A700008400120FFF7C6BF08B5FFF7DCFFFFF78E
:108A8000DBFFFFF7DEFFFFF7A9FF18B9BDE80840DD
:108A9000FFF7E2BF08BDFEF7DDBF08B50346487922
:108AA00040B1A3F5EE427F2A03D8D8B2FFF70CFA03
:108AB000002008BD0120FCE7FF230370704710B5BC
:108AC00003780446012B02D0022B07D010BDFEF71D
:108AD00021FFC0EB00239B106370F7E7FEF74EFF0A
:108AE0006070F3E70378012B02D0022B08D07047A7
:108AF000FF2340788000B0FBF3F0C0B2FEF7D6BF92
:108B000043780BB9FEF71EBFFEF70ABF034610F805
:108B1000022B082A05D0092A05D0072A05D1FFF71C
:108B2000E1BFFFF7CCBFFEF7D3BEFF221A7070473C
:108B300008B54378012B03D1BDE80840FFF7E6BF35
:108B4000FFF7BAFF08BD2DE9F04104460E46FCF7D9
:108B500003FC002840F0BF802378013B122B49D84A
:108B6000DFE803F00A14435D636F72727277487D29
:108B70008187929DA0A3AE00002363700C23A37095
:108B800031462046BDE8F041F9F710BF6378013B5C
:108B9000032B2FD8DFE803F0020C0F2300F00CFBAF
:108BA000030EA370030CE370030A23716071E7E7FF
:108BB000FFF742FFF4E72546A77804F11B08052FCD
:108BC000DED8F8B2FEF7CAF9030CEB70030A2B717A
:108BD00068710335A84507F10107F0D1D0E70023FC
:108BE000A370E37023716371CAE76378022B04D02A
:108BF000052B10D0FF232370C2E7E378A07840EA6A
:108C00000320237940EA0340637940EA036000BA15
:108C1000FFF718FFB4E7A078FFF73DFFB0E7E27871
:108C2000A1786078FFF788F8BEE762792379A178A8
:108C300043EA02235BBAE27860789BB2FFF792F8CE
:108C40009EE7FFF7A4F89BE731462046FFF770FF49
:108C500096E70020FFF7D6FEFFF7FEFE90E7FFF74E
:108C6000F0F860708CE7FFF7EEF8030A6370A0700D
:108C700086E76078A378E17840EA032040BA221DB5
:108C800080B2FFF7E3F87BE76078A378E17840EA09
:108C9000032040BA221D80B2FFF7F4F870E7FFF717
:108CA00006F96DE7FFF73DF8DBE76078A378E17838
:108CB00040EA032040BA221D80B2FFF78AF85FE73E
:108CC0006078A378E17840EA032040BA221D80B2A0
:108CD000FFF796F854E7BDE8F0810000014B1860FB
:108CE000704700BFF4350020014B1868704700BF83
:108CF000F4350020024B186808B103681847704724
:108D0000F4350020024B1B680BB15B6818477047B5
:108D1000F4350020034A12681AB1062101709368E5
:108D200018477047F4350020034A12681AB102212F
:108D30000170D36818477047F43500200B4B07B516
:108D40001A8882420ED01880094B1B6853B1032247
:108D50008DF80500000A8DF806001B698DF80420C7
:108D600001A8984703B05DF804FB00BFFA35002066
:108D7000F43500200B4B07B51A8882420FD01880BB
:108D8000094B1B685BB104228DF80500000A8DF8C1
:108D900006001B698DF804200DEB0200984703B014
:108DA0005DF804FBF8350020F43500200F4B10B5BA
:108DB0001C6800F06DF9012804F102040DD10C4B80
:108DC00093F90030002B08DA0A4B1C681E2302348A
:108DD000002023449C4202D110BD0623F8E714F87A
:108DE000012B002AF6D00130C0B2F3E7C40C0020FA
:108DF000EC440020C80C002010B5044610B300F06D
:108E000047F9012814D1114B93F90030002B0FDAE8
:108E1000EF2C4FEAD40215D80D4B04F007041B6861
:108E2000A04013449B78034214BF0120002010BDD2
:108E3000084B1B689A1C083312F8011BA14203D08F
:108E40009A42F9D10020F2E70120F0E7EC4400203B
:108E5000C80C0020C40C00204FF0FF32002330B5B6
:108E6000841C14F8015B8D420ED0B2F1FF3F02D199
:108E7000002D08BF1A460133DDB2062D5BB2F0D1DA
:108E8000531C01D01044817030BD002210B5831CEA
:108E9000083013F8014B8C4208BF03F8012C8342C1
:108EA000F7D110BDEF294FEAD10308D818440123A8
:108EB00001F0070103FA01F18378194381707047CB
:108EC000EF294FEAD10308D81844012301F0070124
:108ED0008B40817821EA03018170704710B5044608
:108EE00000F0D6F8012821460AD1084B93F900304A
:108EF000002B05DABDE81040054B1868FFF7D2BF1C
:108F0000044BBDE810401868FFF7A6BFEC440020F2
:108F1000C80C0020C40C002010B5044600F0B8F8BE
:108F2000012821460AD1084B93F90030002B05DABD
:108F3000BDE81040054B1868FFF7C2BF044BBDE801
:108F400010401868FFF7A1BFEC440020C80C0020B7
:108F5000C40C002008B500F09BF801280DD1094B86
:108F600093F90030002B08DA1E22074B1868002105
:108F7000BDE808400230F7F783BB044B06221868AF
:108F8000F5E700BFEC440020C80C0020C40C002012
:108F900042784B789A421DD190F902301BB191F979
:108FA00002209A4216D190F903301BB191F90320A7
:108FB0009A420FD190F905301BB191F905209A42E0
:108FC00008D190F9040030B191F90430181A18BF93
:108FD000012070470120704782B002B0704707B58A
:108FE0000190FFF7F9FF03B05DF804FB07B5002817
:108FF0004FF0040214BF0223012306490DEB0200C7
:10900000CB70F7F7C7FA0198FFF7E9FF03B05DF8F7
:1090100004FB00BFDC0C002007B504220323064933
:109020000DEB0200CB70F7F7B5FA0198FFF7D7FF09
:1090300003B05DF804FB00BFDC0C0020FFF7D6BFD7
:1090400007B50422012306490DEB0200CB70F7F7A8
:10905000A1FA0198FFF7C3FF03B05DF804FB00BF5E
:10906000DC0C0020FFF7ECBF07B5003818BF01206B
:109070000422064988700DEB0200F7F78BFA01987D
:10908000FFF7ADFF03B05DF804FB00BFDC0C002070
:10909000014B9878704700BFDC0C002007B5042214
:1090A000054948700DEB0200F7F774FA0198FFF7D5
:1090B00096FF03B05DF804FBDC0C0020014B5878F0
:1090C000704700BFDC0C002007B50422054908707A
:1090D0000DEB0200F7F75EFA0198FFF780FF03B08F
:1090E0005DF804FBDC0C0020704770477047704748
:1090F00010B5FFF7F9FF0024FDF7ECFFFFF7F5FFD0
:10910000E0B2FDF72BFF18B90134062CF8D110BDE1
:109110000120FCE710B5044600F084F8001B80B283
:1091200010BD10B5044600F047F8001B10BD10B587
:10913000044610220021F7F7A3FA204610BD08B517
:1091400001F07CFCBDE8084001F000B908B5FCF76F
:10915000B2FABDE8084040F2A46001F0FEBA08B5DA
:10916000FDF728FAFDF73CFAFFF7F4FEFFF746F9A2
:109170000020FFF7E3FD0020FFF7FCFDBDE80840FD
:10918000FCF7A5BA302383F31188064BDA69064B46
:109190001A600023054A1360054A136083F311889F
:1091A000704700BF4045002004360020FC350020F9
:1091B00000360020FFF7E6BF70B501F0EDF8124D64
:1091C000124B1349DC692B680A68E41AA242114A5F
:1091D0000AD9A3F58333E03B2B6015680E4B04F5E9
:1091E00083342B44E034136016680C604FF47A75B6
:1091F00001F0DBF8002109480023E4FB0501084ADF
:10920000F6F7F4FF304470BD0436002040450020DE
:10921000FC3500200036002088598F029F8601000F
:10922000A086010008B5FFF7C7FF80B208BD0000A7
:10923000BFF34F8F0549064BCA6802F4E06213433F
:10924000CB60BFF34F8F00BFFDE700BF00ED00E034
:109250000400FA0508B5024A024B1A60FFF7E8FF5E
:10926000EFBEADDEFC6F00200A4A08B552F8041CC0
:10927000094B99420CD1002342F8043C83F3148833
:10928000064B1A6882F3088862B65B689847FEE767
:1092900008BD00BF00700020EFBEADDE00E0FF1F84
:1092A00008B5FFF7C5FF0000184B10B51C785CBB74
:1092B000012208211A701648224602F059FD224662
:1092C0002021134802F054FD22461021104802F0DC
:1092D0004FFD4FF47A7001F040FA41F682220821E6
:1092E0000B4802F045FD40F282222021084802F09E
:1092F0003FFD40F282221021054802F039FD054869
:1093000001F07CFF044B1C7010BD00BF083600202C
:1093100000040040284900202036002038B51C4DAC
:1093200004461C4801F0C6FF287800282DD121688A
:109330004B1C22D0E28802B3174B92001A8262794A
:10934000032A05D8DFE802F0021A1D1F0022DA60A6
:10935000012421F00F0001F00F019960224604FA68
:1093600001F158602C7002F003FD0B49094801F02F
:1093700037FF084801F050FF204638BD4FF4800207
:10938000E5E78022E3E7054AE1E70020F5E700BFD3
:1093900020360020284900200C36002080004000A4
:1093A0001FB5ADF80A300123019001A88DF808100F
:1093B0008DF809200393FFF7B1FF05B05DF804FBBA
:1093C0001FB501218DF807000DF10F0304480DF1C1
:1093D000070201F03CFF9DF80F0005B05DF804FBAB
:1093E00028490020002307B5012106480DF1070296
:1093F0008DF8073001F04DFF9DF8070003B05DF8D0
:1094000004FB00BF2849002008B50246024801F0CD
:109410002FFF002008BD00BF2849002008B50246E4
:10942000024801F036FF002008BD00BF2849002097
:1094300010B5084C23783BB1074801F0FBFE064805
:1094400001F0DCFE002323700348BDE8104001F06A
:1094500034BF00BF20360020284900200E4B10B535
:109460001A78BAB901220D4C1A70206040F282328B
:109470004FF480610A4802F07BFC4FF40061084819
:1094800040F2823202F074FC2146BDE810400548EB
:1094900001F066BE10BD00BF21360020E00C0020A8
:1094A00000080040704600204FF0FF3108B5024828
:1094B00001F0C9FCC0B208BD7C4600200A464FF04E
:1094C000FF330146014801F063BD00BFA046002004
:1094D00008B5034801F069FE80F00100C0B208BD84
:1094E0007046002070B590F84420044602F07F03D7
:1094F000212B51D112F0800F90F845301DD0022B56
:1095000017D0032B05D0012B17D1BDE8704000F018
:1095100065BD90F8483090F8495053EA05253BD195
:10952000FFF7B6FD334B256418700120A363E06399
:1095300070BDBDE8704000F08BBE0A2B23D00B2B12
:1095400012D0092B28D194F8483094F8491043EAF6
:10955000012323F00203FBB9274BA3630223E36338
:10956000264B01202364E3E794F8483094F849201F
:1095700053EA022303D194F84600FFF775FD002358
:10958000A363E363EDE794F84700FFF79DFD2046F2
:10959000BDE8704000F084BE02F09F02812A18D11D
:1095A00094F84530062B14D194F84920616894F85A
:1095B00048304D6843EA0223204694F8472094F847
:1095C0004610A84770B14368A3630368E3630023B0
:1095D000C7E703260A4DD5F89C302BB9013E05F1AB
:1095E000A805F8D10020A3E7204698470028F5D029
:1095F0009EE700BF2C360020303600204996000838
:10960000480F0020F8B50F4C0022234643F8042FE2
:1096100090F84B7090F8496090F8465090F84A20C6
:1096200090F8481090F8470042EA072241EA0621E4
:1096300045EA002000F020FA20606068002818BF8A
:109640002046F8BD24360020034693F84A2093F8BC
:109650004B30074942EA0323022B087804D1012842
:1096600001D0062802D14878FFF718BD704700BF27
:109670003036002010B5064A064C117824784B1C71
:1096800003F00F039C421EBF034C1370605410BDC7
:10969000314500203245002021450020084608B50C
:1096A000052935D8DFE801F02034032020353023A8
:1096B00083F31188214800F016FB214800F013FBCA
:1096C000204800F010FB204800F01DFB002383F32E
:1096D00011881E4B1B7813B10520FFF7CBFF02202A
:1096E000BDE80840FFF7C6BFFFF7C4FF302383F390
:1096F0001188124800F0D0FA114800F0CDFA114854
:1097000000F0CAFA104800F0DBFA002383F3118856
:1097100008BD302383F31188084800F0DEFA0848BA
:1097200000F0DBFA074800F0D8FA074800F0D8FA52
:10973000002383F311880520D2E700BF480F0020E3
:10974000F00F002098100020401100202D3600203E
:10975000102208B500210448F6F792FF0023034ABF
:109760001370034A137008BD2145002031450020C5
:109770003245002070B52A4D2A4C002128782378E4
:10978000294E984233D101B1207070BD012223705F
:10979000264B1A70264B93F84F10081E18BF012055
:1097A000FFF73AFCE9E700222370204B1A70FFF71D
:1097B000D6FC1F4B93F84F10081E18BF0120FFF76F
:1097C0003DFCDAE723701A4B93F84F10081E18BFC0
:1097D0000120FFF70BFCD0E7002123700846F8E7D3
:1097E0002370FFF72DFC0120FFF73EFCC5E71A466A
:1097F000B25C0133012103F00F03052AC1D80FF237
:10980000080C5CF822F000BFE1970008839700087D
:10981000C5970008D99700088D970008A7970008FA
:109820003145002032450020214500202D36002002
:109830009049002070B50546184C204600F0A6F966
:1098400004F1A806204600F0D1F9304600F09EF958
:1098500004F5A874304600F0C9F9204600F096F9E6
:1098600020460F4C00F0C2F9204600F0ABF920462C
:1098700000F0CCF9284602F05DF9284601F041FDE0
:1098800041F2883000F069FF2846064901F026FDC4
:109890002846BDE8704002F02BB900BF480F0020F9
:1098A0004011002020E700082DE9F04104461E4D3C
:1098B00002F040F9204601F024FD05F1A8082846F1
:1098C00000F0B3F9194E05F5A877404600F0ADF960
:1098D000384600F0AAF9304600F0CAF941F2883063
:1098E00000F03BFF284600F051F9284600F07EF9D1
:1098F000404600F04BF9404600F078F9384600F059
:1099000045F9384600F072F9304600F05BF9304610
:1099100000F07CF92046064901F0E0FC2046BDE855
:10992000F04102F0E5B800BF480F002040110020D0
:1099300020E7000837B50023A825054C009305FB58
:10994000004042F2107300F055FA03B030BD00BF82
:10995000480F002010B50446FFF79AFB2146BDE8EA
:10996000104008220120FFF7E5BF01462022002019
:10997000FFF7E0BF014606220020FFF7DBBF0146EC
:1099800003220020FFF7D6BF10B5084C88B0002393
:1099900020226946204600F09AFA08B908B010BDA6
:1099A00020216846FFF7CFF8F1E700BF4011002003
:1099B000FFF75ABC7047704708B5FFF7F9FF01F091
:1099C00015FFFFF7F7FF08BD08B501F02BFFFFF704
:1099D000F2FF08BDFFF746BB08B5FFF7B9FE064822
:1099E000FFF728FF054B064A41F288301A60BDE8B0
:1099F000084000F0B2BE00BF90490020343600207D
:109A0000E80C0020014B1868FFF768B934360020D5
:109A1000FFF7B0BE00F094BB30B5144B85B01C7896
:109A200014BB012268461A70FFF781FB2346104AD7
:109A3000104C04A901EB630111F8100C02EB430177
:109A40000509655D00F00F008D700025205CCD706C
:109A5000591C023302EB4101202B8870CD70E8D1F4
:109A6000422313700323537005B030BD7C360020B1
:109A700038360020FAE8000810B51C46030A032B0C
:109A80000FD007D8012B30D0022B07D15B20184A0A
:109A9000226010BD212B19D0222B1ED0002002469F
:109AA000F6E7C0B20328F9D8DFE800F00205080B9A
:109AB0000420104AECE704200F4AE9E71A200F4A75
:109AC000E6E7FFF7A9FF0E4A1078E1E70229E5D89B
:109AD0000C4B092053F82120DAE70229DED80A4B83
:109AE00053F82120094B585CD2E71220084ACFE7EF
:109AF0004BE70008FCE7000800E8000806E800085B
:109B00003836002030E700083CE7000848E7000846
:109B1000A6E7000813B5446BD4F888201378042B0B
:109B200013D1012394F88C1012898B4013420CD16D
:109B3000204601A901F066F8024630B1019B94F875
:109B40008C10D4F8880001F058FC02B010BD10B59C
:109B5000026F04461378042B13D1012390F874107C
:109B600052898B4013420CD100F0A1FF024640B154
:109B7000E36994F87410206F043BBDE8104001F0D5
:109B80002ABC10BD406BFFF7E2BF00001FB500F11B
:109B90005C03C36490F8843013B100F17003036573
:109BA000074B01210193D0F89030D0F89820009312
:109BB0000290D0F8943001F002F805B05DF804FB93
:109BC000159B00081FB500F15C030365064B0121DE
:109BD0000193836FD0F8802000930290C36F00F050
:109BE00044FF05B05DF804FB859B0008302383F338
:109BF0001188D0F8883090F88C2003EB82039861AC
:109C0000002380F8A03083F311887047302383F35A
:109C1000118890F87430026F093342F82300002352
:109C200080F8843083F31188704710B530230446E0
:109C300083F3118890F88C20D0F88830053203EB3C
:109C4000820300225A6001236FF00101037200F0C9
:109C5000C4FD204600F0CAFFD4F8A43013B1DA687E
:109C60001868904700F0BCFC002383F3118810BDF6
:109C700010B53023044683F3118801236FF00101EE
:109C8000037200F0AAFD204600F006FF00F0A8FCD9
:109C9000002383F3118810BD012310B5044603721D
:109CA0006FF0010100F099FD204600F09FFFD4F80D
:109CB000A43023B1BDE81040DA681868104710BD21
:109CC000012310B5044603726FF0010100F085FD19
:109CD0002046BDE8104000F0DFBE0023037270474D
:109CE00000230372704710B5044690F88C1000F101
:109CF0003802D0F8880001F02EFB204600F076FFF5
:109D00000023237210BD10B5044600F0C5FE0023E9
:109D100020462372BDE81040FFF719BF00EB810316
:109D2000F7B59C6905460E4684B3302383F311884A
:109D30000023226984F8A03063699A4201D1E36864
:109D4000B3B905EB8603DB685B691B6883B1D4F8A4
:109D5000A43053B101A9204600F054FFD4F8A43038
:109D600001469F68019A1868B847204600F058FFDE
:109D7000204601A900F046FF024648B1019B31464A
:109D8000284601F03AFB002383F3118803B0F0BDAD
:109D900005EB8603DB681A68022AF4D15A69126857
:109DA000002AF0D01B8A013B1340ECD105F144029C
:109DB000E5E701F1090210B550F82240CCB130229C
:109DC00082F3118800EB8103DB689B695B6853B108
:109DD000236F94F87420204603EB8203DB689B69B1
:109DE000596800F06EFE2046FFF7B1FE002383F3B2
:109DF000118810BD2DE9F84F1E4604460F469246C5
:109E000030239DF8285083F31188D0F888301B78D0
:109E1000042B05D0002585F311882846BDE8F88F6E
:109E200090F8A03023B101364FF0FF3618BF00265E
:109E3000002383F311884FF030094FF001083346B7
:109E400052463946204600F026FF82451CD989F348
:109E5000118894F8A0304FF0000B002808BF43F0A1
:109E600001036FF0010184F8A030204684F80880D7
:109E700000F0B3FC204600F0B9FE84F808B000F012
:109E8000AFFB8BF31188DAE7002DC6D1204600F036
:109E900047FF0125C1E7302383F311880269436935
:109EA0009A4210D1C36883B10123D0F8882090F87A
:109EB0008C1012898B4013420CBF0120002000231C
:109EC00083F3118870470020F9E71846F7E738B5A3
:109ED00014460546302282F31188026F1278042A54
:109EE00003D0002080F3118838BD90F8842022B17F
:109EF00001334FF0FF3318BF0023002282F3118893
:109F00002246284600F018FEB0FA80F35B0985F877
:109F10008430231A58425841E6E70000006810B424
:109F200040B1054C8264E469083040F8044C10BC30
:109F3000F6F730BB10BC704740450020016813465F
:109F400031B18A6C03F108009A640831F6F722BB3C
:109F5000704710B50446006840B1826C002108309B
:109F6000F6F78EFB002223681A605A6010BD0000CD
:109F700010B40C78082C0BD850F8240040B1054CD4
:109F80008264E469083040F8044C10BCF6F702BB68
:109F900010BC7047404500200829134609D850F8E6
:109FA000211031B18A6C03F108009A640831F6F788
:109FB000F1BA704770B50026051F00F1200455F86E
:109FC000040F38B1826C00210830F6F759FB2B687A
:109FD0001E605E60A542F2D170BD000038B590F8F9
:109FE00048300446022B1CD890F84610082918D88F
:109FF0000D4AD25C022A14D8A8200C4B00FB023375
:10A00000D3F8A40060B10A4D43682A460068984717
:10A0100005F10803A363AB6C0120E3630023236411
:10A0200038BD0020FCE700BF440F0020480F00208F
:10A03000B0380020036843B19100196003490B78E0
:10A04000002A18BF43F001030B707047FC38002052
:10A05000006810B10068C0F387007047036870B5EE
:10A060000BB9002070BD302383F3118803680021F1
:10A070001C685B6881F31188002CF2D04FF47A766B
:10A08000074A0848D569084AED1AE5FB060100238E
:10A09000F6F7ACF884428CBF00200120E2E700BF55
:10A0A000404500209F860100A08601004B1E072B23
:10A0B0000BD850F8213043B19100196003490B7857
:10A0C000002A18BF43F001030B707047FC380020D2
:10A0D000082906D850F8210020B10068C0F3870095
:10A0E0007047002070470000082970B501D9002092
:10A0F00070BD50F82130002BF9D0302383F3118844
:10A1000050F8213000211C685B6881F31188002C15
:10A11000EDD04FF47A76074A0748D569074AED1A19
:10A12000E5FB06010023F6F761F884428CBF0020AE
:10A130000120DDE7404500209F860100A086010048
:10A14000404B2DE9F74F1B78002B47D000242546C4
:10A15000DFF8F4803D4E08F1080AD6F8A4B0BBF150
:10A16000000F34D0002C3CD10127302383F3118819
:10A17000F9B2DBF81430DBF80000019198474FF09A
:10A180000009002818BF45F0010589F311882F4800
:10A19000FFF781FEC0B1DBF818300199DBF8000051
:10A1A000984788B1302383F31188274ADBF80430BD
:10A1B0000199DBF80000984789F311885146484619
:10A1C000D8F84820FFF7B6FB0137092FCDD101346D
:10A1D000032C06F1A806C0D11A4B1D7003B0BDE8D0
:10A1E000F08F302787F311880021DBF81430DBF87B
:10A1F000000098474FF00009002818BF45F00105FE
:10A2000089F311883046FFF746FE0028DFD0494623
:10A21000DBF81830DBF8000098470028D7D087F328
:10A220001188094A4946DBF80430DBF800009847FA
:10A2300089F311885146D8F84820E0B2FFF77AFB3D
:10A24000C5E700BFFC38002064380020480F00201C
:10A2500010B590F848300446022B19D890F84610F3
:10A26000082915D80B4AD25C022A11D8A8200A4B1B
:10A2700000FB0233D3F8A40048B143690068984753
:10A28000064B1870A36301200023E063236410BD14
:10A290000020FCE7440F0020480F00206038002019
:10A2A00010B590F848300446022B19D890F84610A3
:10A2B000082915D80B4AD25C022A11D8A8200A4BCB
:10A2C00000FB0233D3F8A40048B1036994F8472097
:10A2D0000068984700230120A363E363236410BD53
:10A2E0000020FCE7440F0020480F00207047704713
:10A2F000FEE7000070B50825134C6068236801462E
:10A30000A268043B8A4219D8D31C1B1AC11E23F031
:10A3100003038A4238BF00231844E368C11EDA1CD5
:10A32000121A22F00302994288BF00220021F6F798
:10A33000A7F9013D04F11004DFD170BD53F8046F9B
:10A3400041F8046BDEE700BF0CE9000838B50123D3
:10A350000025074C2370656000F044FB0549064862
:10A3600000F04CF90223237085F3118838BD00BF3B
:10A370003845002090E900084045002072B60322CD
:10A38000024BD865024B1A70FEE700BF4045002023
:10A390003845002000F054B8EFF3118020B9EFF3F6
:10A3A0000583302282F31188704710B530B9EFF37E
:10A3B0000584C4F3080414B180F3118810BD00F0C3
:10A3C0000FF984F31188F9E7034A516853685B1A5F
:10A3D0009842FBD8704700BF001000E010B50A4C4F
:10A3E00023699A6891420CD85A6881600360426080
:10A3F00010609A685860511A99604FF0FF33A3615A
:10A4000010BD1B68891AECE740450020036100235A
:10A4100010B410BCC2604361FFF7E0BF03688168FD
:10A420009A680A449A60426813605A6000234FF0A9
:10A43000FF320360014B9A61704700BF4045002026
:10A4400070B5124D2A46EB690133EB6152F8103FAB
:10A45000934206D030269A68013A9A602C69A36824
:10A4600003B170BD226861680A605160236083F3A4
:10A4700011882046E3682169984786F3118861694D
:10A480000029EBD02046FFF7A9FFE7E74045002071
:10A4900000238268037503691B6899689142FBD2A7
:10A4A0005A680360426010605860704700238268F9
:10A4B000037503691B6899689142FBD85A68036069
:10A4C000426010605860704708B50846302383F337
:10A4D00011880A7D0023052A06D8DFE802F00B0563
:10A4E0000503120E826913604FF0FF338361FFF79B
:10A4F000CFFF002383F3118808BD8269936801337D
:10A5000093604268036813605A60EDE7FFF7C0BFCD
:10A51000054BD96808751868026853601A600122F3
:10A520000275D860F5F74CBE4045002030B50C4BA5
:10A530000446DD684B1C87B00FD02B466846094A9D
:10A54000FFF764FF2046FFF7E3FF009B13B1684667
:10A55000FFF764FFA86907B030BDFFF7D9FFF9E73F
:10A5600040450020C9A4000838B50C4D8161EB6856
:10A5700081689A680446914203D8BDE83840FFF7E5
:10A5800087BF1846FFF792FF012301462375204637
:10A59000EC60BDE83840F5F713BE00BF4045002031
:10A5A000044B1A68DB6890689B68984294BF00204F
:10A5B0000120704740450020084B10B51C68D86842
:10A5C000226853601A6001222275DC60FFF76EFF7B
:10A5D00001462046BDE81040F5F7F2BD4045002099
:10A5E000044B1A68DB6892689B689A4201D9FFF7AE
:10A5F000E3BF70474045002030BFFDE770B5002540
:10A6000004461A4B86B05860856201630E4600F01E
:10A61000A3F904F11003236163614FF0FF33A361D9
:10A62000134BE561D9692B460A462046C4E9082345
:10A6300004F1340180230F4A24606460A560E56260
:10A64000E56500F01DF801230B4AE06003750092F8
:10A65000726868460192B268CDE90223074BCDE9E2
:10A66000043500F03FF806B070BD00BF384500204B
:10A67000404500209CE90008A1E90008F9A5000870
:10A6800002228B604B62002308618A8208460B62BB
:10A69000CB6170478368C168A3F14C0243F81C2C5E
:10A6A000026943F84C2C42690C4843F8482C0C4A88
:10A6B00043F8180C43F82C2C022203F8142C002227
:10A6C00043F8201C03F8132C43F8041C43F8082C0F
:10A6D00043F80C2CA3F12800704700BF4045002030
:10A6E000D101000808B5FFF7D5FFBDE80840FFF726
:10A6F0000DBF000038B5302484F311882839441880
:10A7000044F8243C049B002544F8203C0A4BA4F167
:10A71000240144F8043C0223A382084BE160204654
:10A720002946A260236162622562E561FFF71CFF92
:10A7300085F31188204638BDD1010008404500202E
:10A74000024BDB6898610F20FFF7E2BE4045002016
:10A75000302383F31188FFF7F3BF08B50146302398
:10A7600083F311880820FFF7E1FE002383F31188AB
:10A7700008BD0000054BDB6821B103609861032030
:10A78000FFF7D4BE4FF0FF30704700BF40450020B8
:10A790000346006820B100221A608161FFF7B6BE4F
:10A7A00070470000064BDB6839B1426818605A6098
:10A7B000136043600420FFF7B9BE4FF0FF307047CD
:10A7C0004045002003460068834205D002681A60B5
:10A7D00053608161FFF79ABE704738B504460D4655
:10A7E0002068844200D138BD036823605C608561C5
:10A7F000FFF78CFEF4E7034610B51B68984203D0C0
:10A800009C688A689442F8D25A680B604A6011606A
:10A81000596010BD002300604060836070470000F5
:10A8200038B58168164B0446DD6891B92B6A85609E
:10A83000C360286238BD8B600B7D7BB1062B14D1C1
:10A840000B684A68886913605A60FFF7D4FF8B6908
:10A850009968AB688A689A42EDD306E04A680B684B
:10A86000084613605A60FFF751FE20462946FFF75D
:10A87000C2FFAC610620BDE83840FFF749BE00BF0B
:10A880004045002008B5302383F31188FFF7C8FF47
:10A89000002383F3118808BD154A0346D16810B51B
:10A8A000302282F31188C26800680A6298421BD085
:10A8B000486A82B98860186802681A605360026A40
:10A8C0009860DA600362FFF721FEFFF789FE00233C
:10A8D00083F3118810BD1468A24203D0A468A0427B
:10A8E00038BF2046D268E4E700238360EFE700BF6B
:10A8F00040450020C3691943037DC1610A2B03D180
:10A900008369194205D170470B2B06D183698B43AC
:10A9100003D100238361FFF7F9BD704770B5064688
:10A920000D460468B44200D170BDE3682B43E36078
:10A9300015B123691D4203D0A1686068FFF7DAFFF3
:10A940002468EFE7EFF30983203383F309880023BA
:10A9500083F3118870470000302080F3118862B6BD
:10A960000C4B0D4AD96821F4E0610904090C0A4333
:10A97000DA60D3F8FC20094942F08072C3F8FC2069
:10A980000A6842F001020A602022DA7783F8220086
:10A99000704700BF00ED00E00003FA05001000E082
:10A9A000302310B583F311880B4B5B6813F40063FD
:10A9B0000FD0EFF309844FF08073203CE36184F300
:10A9C0000988FFF7EDFD10B1044BA36110BD044BE6
:10A9D000FBE783F31188F9E700ED00E0E3010008ED
:10A9E000E6010008024B034A1A60034A5A607047A6
:10A9F000A0450020E849002000700020094B30B538
:10AA00001C684D1E224449422A440A405968104499
:10AA1000884204D8A04202D31860104630BD0022FC
:10AA2000FBE700BFA045002008B5302383F3118861
:10AA3000FFF7E4FF002383F3118808BD08B500F099
:10AA40009FFF01F087F900F0D5FA00F004FB00F059
:10AA500064FB00F0B9FB00F033FCFEF7B5FFBDE886
:10AA6000084000F000B801F0DDB90172002130B5F6
:10AA7000039C043304FB0325C361049B0060036350
:10AA8000059B4060C160426102618561046242626F
:10AA90008162C162436330BD0022416AC26041618C
:10AAA000016182626FF00101C262FFF796BE036925
:10AAB0004269934201D1C2680AB9181D704700204B
:10AAC000704703691960C26800210132C260C2691F
:10AAD000134482690361934224BF436A0361FFF711
:10AAE00071BE38B504460D46E3683BB1626900208B
:10AAF000131D1268A3621344E36207E0237A33B99B
:10AB000029462046FFF74EFE0028EDDA38BD6FF0EB
:10AB10000100FBE7C368C269013BC360436913449A
:10AB200082694361934224BF436A43610023836285
:10AB3000036B03B1184770472DE9F84F04460E46E2
:10AB4000904699464FF0300A8AF311880025AB46AB
:10AB5000A76A4FB949462046FFF7C3FF20B187F3E4
:10AB600011882846BDE8F88FE76AA16A7A1AA8EB2F
:10AB70000507974228BF1746402F16D93046402276
:10AB8000F5F708FDA36A40364033A3624035A26A58
:10AB9000E36A9A4202D32046FFF7BCFF8BF3118889
:10ABA0004545DED28AF31188D2E730463A46F5F7BA
:10ABB000F1FCA36A3E443B44A3623D44E7E710B581
:10ABC000029C04330172C36103FB042100238362EE
:10ABD000C362039B00600363049B4060C4604261E6
:10ABE0000261816104624262436310BD026A6FF0D8
:10ABF0000101C260426A4261026100228262C26255
:10AC0000FFF7EBBD034640691A69824201D1DB6858
:10AC10001BB950F8043B0B60704700231846FAE755
:10AC2000C368C2690133C360436900211344826968
:10AC30004361934224BF436A4361FFF7C3BD38B504
:10AC400004460D46E3683BB1236900201A1DA26249
:10AC5000E2691344E36207E0237A33B929462046C8
:10AC6000FFF7A0FD0028EDDA38BD6FF00100FBE72B
:10AC700003691960C268013AC260C26913448269FB
:10AC80000361934224BF436A036100238362036B21
:10AC900003B1184770472DE9F84F04460E46904619
:10ACA00099464FF0300A8AF311880025AB46A76A0F
:10ACB0004FB949462046FFF7C2FF20B187F31188FC
:10ACC0002846BDE8F88FE76AA06A3A1AA8EB05079C
:10ACD000974228BF1746402F18D931464022F5F732
:10ACE00059FCA36A40364033A3624035A26AE36A46
:10ACF0009A4204D3E16920460439FFF7B9FF8BF388
:10AD000011884545DCD28AF31188D0E731463A46AE
:10AD1000F5F740FCA36A3E443B44A3623D44E5E7AB
:10AD2000302208B582F31188816A29B10369043998
:10AD3000C91A01D0FFF79CFF002383F3118808BDD7
:10AD4000F8B5154682680B46AA428169066938BF84
:10AD50008568761AB54204460BD218462A46F5F79E
:10AD600019FCA3692B44A361A36828465B1BA3605D
:10AD7000F8BD0CD918463246F5F70CFCAF1B3A4625
:10AD8000E1683044F5F706FCE3683B44EBE718461E
:10AD90002A46F5F7FFFBE368E5E72DE9F0410446B5
:10ADA000154683682769934238BF856840690E4617
:10ADB0003F1ABD420BD22A46F5F7ECFB63692B44E0
:10ADC0006361A36828465B1BA360BDE8F0810CD9D2
:10ADD0003A46A5EB0708F5F7DDFB4246E068F119B6
:10ADE000F5F7D8FBE3684344EAE72A46F5F7D2FBD8
:10ADF000E368E5E710B50024C361029BC16081618F
:10AE0000416111440060406084600161036210BDD3
:10AE100008B582694369934201D1826882B9826828
:10AE2000013282605A1C4261197003694269002133
:10AE30009A4224BFC3684361FFF7C4FC002008BDE9
:10AE40004FF0FF30FBE770B5302304460D4683F327
:10AE50001188A668A6B1A368A269013BA360531C30
:10AE6000A36115782269934224BFE368A361E36973
:10AE70000BB120469847002383F31188284607E04A
:10AE800029462046FFF78EFC0028E2DA86F3118877
:10AE900070BD2DE9F74F04460E4617469846D0F888
:10AEA0001C904FF0300A8AF311884FF0000B1546C2
:10AEB00065B12A4631462046FFF742FF034660B996
:10AEC00041462046FFF76EFC0028F1D0002383F3B3
:10AED0001188781B03B0BDE8F08FB9F1000F03D0E3
:10AEE00001902046C847019B8BF31188ED1A1E4440
:10AEF0008AF31188DCE7C361009BC1608161416115
:10AF00001144006040608260016103627047F8B5DF
:10AF100004460D461646302383F31188A768A7B16F
:10AF2000A368013BA36063695A1C62611D702369B9
:10AF300062699A4224BFE3686361E3690BB120460A
:10AF40009847002080F3118807E031462046FFF73C
:10AF500029FC0028E2DA87F31188F8BD8369426989
:10AF600010B59A4201D182687AB982680021013213
:10AF700082605A1C82611C7803699A4224BFC368AC
:10AF80008361FFF71FFC204610BD4FF0FF30FBE749
:10AF90002DE9F74F04460E4617469846D0F81C9008
:10AFA0004FF0300A8AF311884FF0000B154665B157
:10AFB0002A4631462046FFF7F0FE034660B9414677
:10AFC0002046FFF7EFFB0028F1D0002383F3118820
:10AFD000781B03B0BDE8F08FB9F1000F03D00190EA
:10AFE0002046C847019B8BF31188ED1A1E448AF353
:10AFF0001188DCE700F034BF0123037000234360B5
:10B00000704710B53023044683F31188416000F087
:10B0100031FF02230020237080F3118810BD032329
:10B02000037000F063BF08B5302383F31188FFF786
:10B03000F6FF002383F3118808BD0223037000F09C
:10B0400067BF08B5302383F31188FFF7F6FF0023AD
:10B0500083F3118808BD00F089BF0123037000232A
:10B060004360C3600374704738B50446302383F3EC
:10B07000118800254B6841608360C56000F090FF37
:10B080000223237085F31188284638BD38B5302453
:10B0900084F31188012404FA01F5C4682C43C460C8
:10B0A00001F022F8002383F3118838BD302210B557
:10B0B00082F31188012202FA01F4C26822EA040232
:10B0C000C26001F017F8002383F3118810BD0C3023
:10B0D000FFF7DFBE4FF0FF330C30FFF7DABE303042
:10B0E000FFF756BF4FF0FF333030FFF751BF0C3042
:10B0F000FFF7A9BE4FF0FF310C30FFF7A4BE303090
:10B10000FFF705BF4FF0FF323030FFF700BF0129D6
:10B1100014BF6FF013000020704701F0D1B8000099
:10B1200037B5154602460B460C49044642F8041B47
:10B130004260012200F154010272009080220C3022
:10B14000FFF758FE2B468022009404F1D40104F14D
:10B150003000FFF7D0FE03B030BD00BFA8E9000803
:10B1600010B53023044683F3118801F0C9F8022397
:10B170000020237280F3118810BD38B5436904465E
:10B180000D461BB904210844FFF7C8FB294604F10A
:10B190000C00FFF73DFE002806DA201D4FF4006189
:10B1A000BDE83840FFF7BABB38BD302383F31188C0
:10B1B0000023406983F31188B0FA80F0400970479A
:10B1C0004FF0FF31FFF7D6BA01F08AB901230370BF
:10B1D00000230C3040F8083C40F8043CFFF71ABB51
:10B1E00010B53023044683F31188416001F08EF9D5
:10B1F00002230020237080F3118810BD10B5302386
:10B20000044683F3118801F0F5F9002301226360FD
:10B21000227083F3118810BD302383F311884368B3
:10B2200099685A684FF480338B409361002383F30D
:10B2300011887047302383F31188436899685A68EE
:10B2400001238B409361002383F31188704738B545
:10B250000446302585F31188032504F8085B01F0C6
:10B26000F5F92046FFF7ACFF002383F3118838BDC2
:10B2700010B53023044683F31188032304F8083BF8
:10B2800001F0FBF92046FFF79BFF002383F31188B1
:10B2900010BD10B53023044683F31188032304F84E
:10B2A000083B01F002FA2046FFF78AFF002383F3F0
:10B2B000118810BD0C30FFF7E5BA0C30FFF7ECBA7F
:10B2C00001F014BC012303700023C3618362036295
:10B2D000C3624362036343608360704738B50446CA
:10B2E000302383F3118800254160C5600561456105
:10B2F000856101F001FC0223237085F31188284643
:10B3000038BD70B53023044683F3118801F00CFC7E
:10B31000254600260123666005F80C3B1C3455F8D1
:10B32000043B7BB1586920B16FF001010C30FFF78D
:10B330002FFA55F8043C986920B16FF001010C30E8
:10B34000FFF726FAA54245F8046CE8D1FFF748F963
:10B3500086F3118870BD70B500EB81030546506916
:10B360000E461446DA6018B114220021F5F788F968
:10B37000A06918B114220021F5F782F93146284658
:10B38000BDE8704001F0EEBBF8B5044600278368C5
:10B3900000F1100503F00113836000F11C0655F85D
:10B3A000043B7BB1586920B16FF001010C30FFF70D
:10B3B000EFF955F8043C986920B16FF001010C30A9
:10B3C000FFF7E6F9B54245F8047CE8D12046BDE830
:10B3D000F84001F053BCF0B4012500EB8104E468AF
:10B3E0004789A4698D403D43458123600023A260C5
:10B3F0006360E360F0BC01F0B3BCF0B4012500EB86
:10B400008104E468078964698D403D4305812360B8
:10B410000023A2606360E360F0BC01F0C1BC0000E7
:10B4200010B50378052B0FD1084CC820E37A43F000
:10B430000803E372637843F004036370FFF78DF948
:10B44000637803F0FB03637010BD00BF0040014050
:10B450002DE9F0410223002604464FF03008037026
:10B46000C664866000F10C0500F11C0755F8043B2A
:10B47000ABB188F3118855F8043C586920B16FF0DE
:10B4800001010C30FFF784F955F8043C986920B1AC
:10B490006FF001010C30FFF77BF986F31188BD4294
:10B4A00045F8046CE2D1204684F8346001F0C8FB12
:10B4B00063681B6823B12046BDE8F04100211847AE
:10B4C000BDE8F081F8B503780446052B29D080F853
:10B4D00050300523037043681B680BB10421984763
:10B4E00000263027A66004F10C051C3455F8043BF7
:10B4F000ABB187F3118855F8043C586920B16FF05F
:10B5000001010C30FFF744F955F8043C986920B16B
:10B510006FF001010C30FFF73BF986F31188A5426B
:10B52000E4D1F8BD0178052906D190F85020436890
:10B5300002701B6803B1184770470000F8B590F817
:10B54000343004460E4613B1002380F834303146BF
:10B55000204604F1440201F0E7FB63689B68B3B93D
:10B5600094F8443013F0600538D00021204601F0F3
:10B5700057FC0021204601F045FC63681B6813B1AD
:10B58000062120469847062384F83430F8BD20462B
:10B5900098470028E4D094F84B2094F84A3043EAC6
:10B5A0000223E26B9A4294F9442088BFE363002AA5
:10B5B000E36B80F20481002B00F0F880092384F80B
:10B5C0003430302383F3118800212046E36BA26BD3
:10B5D000FFF713FF002383F31188D7E794F8452082
:10B5E00003F07F0343EA022340F20232934200F069
:10B5F000CA8021D8B3F5807F4DD00DD8012B44D01F
:10B60000022B00F09880002BAFD104F14C02A26312
:10B610000222E2632364BEE7B3F5817F00F0A080DD
:10B62000B3F5407FA1D194F84630012B9DD1B4F8F9
:10B630004C3043F0020337E0B3F5006F52D01CD812
:10B64000B3F5A06F36D0A3F5C063012B8DD894F865
:10B650004920616894F848304F6843EA0223204645
:10B6600094F8462094F84710B84700283FF47DAF7F
:10B670004368A3630368E3631AE0B3F5106F36D041
:10B6800040F6024293427FF470AF554BA36302230E
:10B69000E3630023BEE794F84630012B7FF465AFE7
:10B6A000B4F84C3023F00203A4F84C30A563E563F2
:10B6B000256470E7B4F84430B3F5A06F0ED194F868
:10B6C0004630204684F84E3001F044FA63681B6827
:10B6D00013B1012120469847032323700023A3635D
:10B6E000E36397E704F14F03A3630123C3E72378E0
:10B6F000042B10D1302383F311882046FFF744FE3A
:10B7000085F311880321636884F84F5021701B680A
:10B710000BB12046984794F84630002BDED084F8D1
:10B720004F300423237063681B68002BD6D002219E
:10B7300020469847D2E794F8483020461D0603F08B
:10B740000F010AD501F0D4FA012804D002287FF4B1
:10B750000CAF244B9AE7244B98E701F0ADFAF3E7DE
:10B7600094F84630002B7FF400AF94F8483013F083
:10B770000F01B3D01A06204602D501F069FBADE7F0
:10B7800001F05AFBAAE794F84630002B7FF4EDAEA7
:10B7900094F8483013F00F01A0D01B06204602D5C4
:10B7A00001F03EFB9AE701F02DFB97E714233146A9
:10B7B000204684F83430BDE8F84001F0C5BA63B1E2
:10B7C000152384F83430302383F311880021204678
:10B7D000E36BA26BFFF7FFFDFCE60B23E7E700BF7F
:10B7E000D4E90008D0E90008D2E9000808B500F063
:10B7F000C9F80B4B9A6C42F020029A649A6C9A6CCE
:10B8000042F040029A649A6C9A6C42F080029A6408
:10B810009A6C9A6C42F480729A649B6C08BD00BF6B
:10B82000000C01407047162303604FF0FF30704753
:10B8300000207047184670470020704710B500225E
:10B84000044608460121FFF7EFF818B90C234FF022
:10B85000FF30236010BD08B513460021582218465A
:10B86000F4F70EFF4FF400524260002008BD0120A3
:10B870007047000008B50248FEF780FDF4F74EFE61
:10B88000D6E9000808B50248FEF778FDF4F746FE51
:10B89000DBE900080120704770470122090100F12F
:10B8A000604303F56143C9B283F8001300F01F033E
:10B8B0009A4043099B0003F1604303F56143C3F8D9
:10B8C00080211A607047012200F01F039A4043094B
:10B8D0009B0003F1604303F56143C3F88020C3F884
:10B8E0008021002300F1604000F5614080F80033C2
:10B8F0007047090100F16040C9B200F56D40017662
:10B900007047000017498A68022A12D0032A26D0FD
:10B91000154B1649012A08BF0B46124A926902F0DC
:10B920007F02013252080132B3FBF2F3104A136076
:10B930007047104A0B68526F49686FEA92120129EA
:10B940000CBF0A490C4902F0030203324A4303F0D8
:10B950001F0301335B080133B2FBF3F3DDE7074B51
:10B96000DBE700BF000C014000127A00006CDC0233
:10B97000C8110020000401400048E801001BB70086
:10B98000FFF7C0BF13B50C20032440F2BE71314B4A
:10B99000314A9C62D862C2F8941000219962D9623F
:10B9A0009C62D8628020C3F81C0CD3F81C0CC3F82E
:10B9B0001C0C009101914FF40141C3F8481C4FF653
:10B9C000FC71A3F5744319630F21196002231365F9
:10B9D00001234BF68031D364936D03F0010301938F
:10B9E000009B01330093019B13B9009B8B42F3D161
:10B9F000019B03B9FEE7194B19490120C3F8001454
:10BA00000021A3F58843996180211962196A19629E
:10BA1000202158601960196819601968014319607C
:10BA2000C02151679067D16F0329FCD102229A602F
:10BA300001220021DA60074A9162D1629A6C42F4D5
:10BA400000429A649A6CDA6C42F40062DA64DB6C4D
:10BA500002B010BD00000140000401400050014050
:10BA600012000003144B834225D1144B02201A6CA0
:10BA7000134942F480721A641A6C42F002021A648A
:10BA8000D3F8882042F00202C3F88820D3F8882037
:10BA900022F00202C3F8882001225A63DA670864A0
:10BAA000DA6608225A615A6942F004025A615A69F8
:10BAB00042F001025A61704790490020000C014099
:10BAC000004C0140084B83420CD1084B5A6902F0EC
:10BAD00008025A6100225A61DA66DA671A6C22F0AB
:10BAE00002021A64704700BF90490020000C014018
:10BAF0000F4A936C43F4004343F0200393644FF0E8
:10BB000080436FF4C0521A634FF07072DA624FF0E4
:10BB100020721A6000225A609A60DA604FF44C3248
:10BB20005A62012203F5A0335A700722DA72704775
:10BB3000000C01400E4A6FF48051936C43F40043B3
:10BB400043F0200393644FF080436FF4C0521A63B4
:10BB500000221A609A60DA6019634FF080711960F0
:10BB60004FF4805159605A624FF080529A61704789
:10BB7000000C014010B5074C6369DB0704D5064A89
:10BB800013680BB15068984701236361BDE810400A
:10BB9000FEF706BF00180040A845002010B5074C6E
:10BBA00063699B0704D5064A93680BB1D068984730
:10BBB00002236361BDE81040FEF7F2BE00180040AA
:10BBC000A845002010B5074C63695B0704D5064AF9
:10BBD00013690BB15069984704236361BDE81040B5
:10BBE000FEF7DEBE00180040A845002010B5074C47
:10BBF00063691B0704D5064A93690BB1D06998475E
:10BC000008236361BDE81040FEF7CABE001800407B
:10BC1000A845002010B5074C6369DB0604D5064A29
:10BC2000136A0BB1506A984710236361BDE8104056
:10BC3000FEF7B6BE00180040A8450020164B10B510
:10BC40005C69A30604D5154A936A0BB1D06A98477C
:10BC5000600604D5114A136B0BB1506B984721064F
:10BC600004D50E4A936B0BB1D06B9847E20504D50F
:10BC70000A4A136C0BB1506C9847A30504D5074AC8
:10BC8000936C0BB1D06C9847BDE810404FF47872BC
:10BC9000014B5A61FEF784BE00180040A845002001
:10BCA0001A4B10B55C69620504D5194A136D0BB1C6
:10BCB000506D9847230504D5154A936D0BB1D06D8F
:10BCC0009847E00404D5124A136E0BB1506E9847A2
:10BCD000A10404D50E4A936E0BB1D06E984762044E
:10BCE00004D50B4A136F0BB1506F9847230404D54A
:10BCF000074A936F0BB1D06F9847BDE810404FF4DF
:10BD00007C42024B5A61FEF74BBE00BF0018004058
:10BD1000A8450020062108B50846FFF7BEFD06210C
:10BD20000720FFF7BAFD06210820FFF7B6FD062120
:10BD30000920FFF7B2FD06210A20FFF7AEFD06211C
:10BD40001020FFF7AAFDBDE8084006212120FFF7DB
:10BD5000A4BD000000231946044A0133102B1160D2
:10BD6000516002F10802F8D1704700BFA8450020D9
:10BD7000C9434FF05533016302F003015943016099
:10BD800042F380014160C2F3C10159438160C2F3B3
:10BD900041115943C160C2F3C1214B43C3624FF00B
:10BDA0001133C2F3C3125A43026242627047000069
:10BDB0001A4B70B59C6C0F2644F4C0649C649B6C59
:10BDC000012301F003048B4021F0030101F18041C4
:10BDD00001F5A0518D68A400C0F38320A04006FAAD
:10BDE00004F425EA040528438860D8430C4912F07E
:10BDF000010F8C6814BF1C4304408C6012F0020FCA
:10BE0000CA6814BF1A430240CA60054A53611168E8
:10BE10000B43136053680340536070BD000C014036
:10BE2000001800404FF0E02340F2CF225A61002278
:10BE30009A61072208210B201A61FFF75ABD08B545
:10BE4000302383F31188FEF7A5FA002383F31188CA
:10BE500008BD08B5FFF7F3FFBDE80840FEF7A0BD39
:10BE60000248034BC360FFF7C7B800BF2846002055
:10BE70000024004010B503780446012B1CD1184B58
:10BE8000984219D1174B07219A6C162042F00802EC
:10BE90009A649A6CD3F8902042F00802C3F890207C
:10BEA000D3F8902022F00802C3F89020D3F8903005
:10BEB000FFF7F3FC0C4BA3606168A3680A680020DD
:10BEC000B3FBF2F3E268013B8C689BB210605460F4
:10BED0009362CB68106123F0FF03D36010BD00BFF5
:10BEE00028460020000C014000A24A040122C36839
:10BEF0000139D9625A6100225A621A614268526855
:10BF00001AB1DA6842F00102DA6085221A607047DD
:10BF10000022C3681A601A61DA6822F0FF02DA6050
:10BF20007047C26810B51469D36801462340DCB27B
:10BF3000E443DB0714610DD50378042B03D10223FE
:10BF40000370FFF7E5FF4B685B681BB1BDE810406D
:10BF50000846184710BD000008B50348FFF7E1FF89
:10BF6000BDE80840FEF71CBD2846002038B5042572
:10BF7000074C2046FFF771F8064B2574A361064C69
:10BF80002046FFF76AF8054B2574A36138BD00BF52
:10BF900054460020001C0040384600200028004085
:10BFA00010B503780446012B40F089804A4B984233
:10BFB0001DD14A4B07219A6C122042F002029A646A
:10BFC0009A6CD3F8902042F00202C3F89020D3F884
:10BFD000902022F00202C3F89020D3F89030FFF7AF
:10BFE0005CFC07211420FFF758FC3D4B63613D4B7F
:10BFF0009C4219D1394B07219A6C172042F010024C
:10C000009A649A6CD3F8902042F01002C3F8902002
:10C01000D3F8902022F01002C3F89020D3F890308B
:10C02000FFF73BFC2E4B636146F66802A3699A61F9
:10C03000DA61616863690A68B3FBF2F3A269013BE4
:10C040009362A368013BD362CB6A5360CB6803F071
:10C050000F03012B3CD0022B3CD143F00103486974
:10C0600000F00F00012803D0022803D143F0200381
:10C0700043F01003C86900F00F00012803D0022824
:10C0800003D143F4007343F48073486A00F00F0057
:10C09000012803D0022803D143F4005343F4805312
:10C0A000136201235361002313610B6B23F0FF0321
:10C0B000D3604FF4004353648523136010BD002206
:10C0C00083691A605A639A63DA631A645A62B0E742
:10C0D0000023C2E70023C2E754460020000C0140C1
:10C0E00000A24A043846002083690C3103EB810327
:10C0F0005A6070478369002001F10C0203EB820251
:10C1000050600220DA6800FA01F122EA0101D960E8
:10C110007047836970B51A69DD6804461540EAB254
:10C12000D243AE071A6103D543681B6903B1984730
:10C13000680704D563689B690BB1204698472907B7
:10C1400004D563681B6A0BB120469847EA0604D5FC
:10C1500063689B6A0BB120469847EB0706D5636876
:10C160009B681BB12046BDE87040184770BD0000B9
:10C1700008B50348FFF7CDFFBDE80840FEF710BC47
:10C1800054460020FFF7F4BF08B50348FFF7C1FF8E
:10C19000BDE80840FEF704BC38460020024A536858
:10C1A00043F002035360704700380040024A53686E
:10C1B00043F002035360704700840040F8B5D0F8A4
:10C1C000546105467369D806DCB20AD5302383F37F
:10C1D00011884FF48061281DFEF7A0FB002383F334
:10C1E0001188302383F311882F1D14F00F032FD1F2
:10C1F00083F311887368980714D5A10612D53023EC
:10C2000083F31188E818FEF7A9FE002841DA082117
:10C21000281DFEF783FB736823F00203736000237D
:10C2200083F3118873689A0711D563060FD53023FD
:10C2300083F311886A6CAB6C9A4205D1AB6B1BB16E
:10C240001021281DFEF76AFB002383F31188F8BD37
:10C2500014F0020F14BF4FF480710021620748BF31
:10C2600041F02001230748BF41F0400114F00104D0
:10C27000384618BF41F08001FEF750FB33682CB1FF
:10C2800095F8581128461940FEF777FF7469E4B213
:10C29000ABE73060C3E7000008B50348FFF78EFF47
:10C2A000BDE80840FEF77CBBCC47002008B503483A
:10C2B000FFF784FFBDE80840FEF772BB7046002020
:10C2C00010B5094C00212046084AFEF729FF084B0B
:10C2D0000021C4F85431074C074A2046FEF720FFDE
:10C2E000064BC4F8543110BDCC4700209DC1000856
:10C2F0000038004070460020ADC1000800840040B6
:10C3000038B5364D037A002918BF0D46012B044677
:10C3100035D1334B984217D1324B0C219A6C1E20E9
:10C3200042F480429A649A6CD3F8902042F480429E
:10C33000C3F89020D3F8902022F48042C3F89020D4
:10C34000D3F89030FFF7A9FA274B9C4217D1254B21
:10C350000C21DA6C202042F00802DA64DA6CD3F89F
:10C36000942042F00802C3F89420D3F8942022F0DD
:10C370000802C3F89420D3F89430FFF78EFAD4F86B
:10C380005431E9791A6902F050020A431A612968A6
:10C39000164A02EB5102B2FBF1F202F00F01C3F8B0
:10C3A000C0108021D960C2F3071119600021C2F3C7
:10C3B00007325A60D96068792A790243A879024322
:10C3C000DA600122C3F89C10C3F898205A6842F042
:10C3D00005025A60FF2384F8583138BDE0E90008AF
:10C3E000CC470020000C01407046002000A24A0407
:10C3F00070B50446C5692E6BC26A6B6A9A4234BF37
:10C40000C36A6B6A013B35D2E36A002B3ED1EB6213
:10C4100063681B6833B10422204622709847237852
:10C42000042B01D102232370302383F311880021D0
:10C4300004F10800FEF7ACF9002383F31188F30739
:10C4400017D5286A228E666AE36A616AD31A334472
:10C45000121A934228BF134699424FF6FF7138BF14
:10C46000636A013B1BD2636A1BB9EB6A23F00103C9
:10C47000EB6270BD296EE26A013AE262A26A002AAA
:10C48000C0D01170A26A0132A262BBE7E26AEB6916
:10C490009A429EBFE36A03F1FF33EB61CFE7626A22
:10C4A000013A6262226A0AB92966DAE712F8010BD8
:10C4B00028662262D5E7000008B50348FFF798FF19
:10C4C000BDE80840FEF76CBA2849002008B50348CB
:10C4D000FFF78EFFBDE80840FEF762BA5C49002016
:10C4E00010B5064C2046FEF771FE054BE361054C86
:10C4F0002046FEF76BFE044BE36110BD2849002087
:10C50000003000405C4900200090004010B50378E6
:10C510000446012B45D1344B98421FD1334B09219E
:10C520009A6C1A2042F480529A649A6CD3F8902044
:10C5300042F48052C3F89020D3F8902022F4805225
:10C54000C3F89020D3F89030FFF7A7F96268E36949
:10C55000128A5A611A6942F001021A61244B9C4204
:10C560001FD1224B0A21DA6C1B2042F01002DA6440
:10C57000DA6CD3F8942042F01002C3F89420D3F878
:10C58000942022F01002C3F89420D3F89430FFF7DF
:10C5900084F96268E369128A5A611A6942F00102F9
:10C5A0001A616168E269CB8989890B4343F007030B
:10C5B0009BB21360238E4BB9012393619169994219
:10C5C0000DD10133B3F5807FF7D12386002393612A
:10C5D000D361D36A23F0FF03D362936C10BD012BA8
:10C5E00008BF0023F1E700BF28490020000C0140EC
:10C5F0005C49002010B503780446022B1FD10022AD
:10C60000C3699A60DA6A22F0FF02DA629B6C0C4B13
:10C61000984208D11A20FFF756F90A4B9A6C22F477
:10C6200080529A649B6C084B9C4208D11B20FFF7F8
:10C630004AF9044BDA6C22F01002DA64DB6C10BDAC
:10C6400028490020000C01405C49002010B50C4630
:10C6500091B18362038E4162C1625908A14228BF31
:10C660002146C369026299610139D961DA6A42F0EF
:10C670001102DA6201229A6010BD10B50C4699B120
:10C6800000238362038E4162C1625908A14228BF20
:10C690002146C369026299610139D961DA6A42F0BF
:10C6A0001102DA6201229A6010BD10B50C4699B1F0
:10C6B00000230362038E4162C1625908A14228BF70
:10C6C0002146C369826299610139D961DA6A42F00F
:10C6D0001102DA6201229A6010BD000010B590F8D4
:10C6E00034300446B3B1063BDAB20F2A11D80F2B0F
:10C6F0000FD8DFE803F00F0E0E080F0F0E0E0E0E10
:10C700000E0E0E0E0F0F036C03B19847002384F832
:10C71000343010BD00216022064B99735A7499730E
:10C720005A7463681B6813B1062120469847062394
:10C73000EDE700BF0040014090F8342010B5152A05
:10C7400004460CD8012393400C4A134208D19B02A3
:10C7500005D5036C03B19847002384F8343010BD2D
:10C7600000216022064B99735A7499735A74436876
:10C770001B680BB1062198470623EEE7410E100017
:10C78000004001400146F8B5284C861C04EB8603A6
:10C790005F682748BB698173027DD20739D5254A76
:10C7A0009D68817390F817E002EB810C827D42EA6C
:10C7B0000E22A81885422DD19868104498605868B8
:10C7C000104458601868801A1860188A013880B2BE
:10C7D00018827B8A934200D808BB012303FA01F236
:10C7E000638923EA0203638104EB86035B68DB68E9
:10C7F0000BB10E489847302383F3118804EB86046D
:10C800006368986941680C30FDF7C2FF002383F329
:10C810001188F8BD9CF800E005F801EBCAE7044A6E
:10C82000137D03F0FE031375F3E700BF904900206A
:10C830000040014020400140F8B5214C871C04EB2A
:10C8400087035E680146726950681568A84219D36B
:10C85000012303FA01F2238923EA02032381B36847
:10C860000BB120469847302383F3118804EB8704EB
:10C870006368002158690C30FDF78AFF002383F3B9
:10C88000118817E00F4B9973136918445060281AE8
:10C89000DED0348A844228BF044690681461034481
:10C8A0000948936000EB81001C44A34203D101229C
:10C8B000044B5A74F8BD13F8012B0270F5E700BF62
:10C8C0009049002000400140204001402DE9F04106
:10C8D000844B9B799C07DFB202D58348FEF722FE8A
:10C8E000780702D58048FEF7B3FD390713D57E4C93
:10C8F0006368DB6823B97B4AD37A03F0F703D3720A
:10C900002378052B02D17848FEF70CFE6368DB68BC
:10C910000BB175489847734B9A781D7902F0FF0662
:10C92000EDB252B9002D3AD1FB0702D56E48FEF7A1
:10C93000C9FDBDE8F041FEF733B8F20720D500226B
:10C94000694CE0689A7393F811C01CF0040F5FFA09
:10C950008CF11CBF5A7484F83420CB0605D5802294
:10C96000604B5A74002384F8343094F834300BB19F
:10C97000062B24D1CC0703D5436800215A48984799
:10C98000B20702D50120FFF757FF730702D5022037
:10C99000FFF752FF340702D50320FFF74DFFA8072A
:10C9A00002D50120FFF7EEFE690702D50220FFF74E
:10C9B000E9FE2A07B8D50320FFF7E4FEB4E7092B08
:10C9C0004CD1DFF820C19CF81130DAB213F0020329
:10C9D000D6D102F01102112AD2D042698CF80E3061
:10C9E00051681369D2F800E019445160BEEB0101AF
:10C9F000B0F8108016D0414528BF414694681161B7
:10CA0000234493605A18934207D1038A99422CBF5A
:10CA100002210A218CF81110B2E713F8014B8CF8AF
:10CA20002040F0E7434504D10A238CF8113011610E
:10CA3000A6E7238923F00103238183680BB12A48E9
:10CA40009847302383F311880021E36858690C303C
:10CA5000FDF79EFE002383F3118891E7152B8FD1FC
:10CA6000DFF880E09EF81130D90789D5002283696C
:10CA7000D3F808C08EF80E209EF81620D1B262447A
:10CA8000944527D19A680A449A605A680A445A60C1
:10CA90001A68521A1A601A8A013A92B21A82438AA2
:10CAA0008B424FF000010F4B997300D8BAB948225E
:10CAB0005A74638923F001036381E368DB6813B16F
:10CAC000002109489847302383F31188E368986967
:10CAD0004168BCE79EF820800CF8018BD0E740222B
:10CAE0005A744DE700400140904900200148FEF78C
:10CAF000E9BB00BF9049002010B50478012C0ED18D
:10CB0000074AC260FEF7AEFF0022064B0D21DA7223
:10CB1000DC715A720E20BDE81040FEF7BEBE10BD9B
:10CB2000E8E900080040014010B503780446012BF5
:10CB30000CD00E20FEF7C7FE0022054B2046DA720D
:10CB4000DA715A72BDE81040FEF7BCBF10BD00BFDD
:10CB50000040014090F84E20014B1A70704700BF12
:10CB60000040014000EB8100344BC26801F00F012E
:10CB700010B59973106800F00300002956D0022800
:10CB80002CD003282AD0012827D153690BB99369E7
:10CB90001BB3E020294B9874108AC0F3C7001874A7
:10CBA000402058740820587458740120DC7900FA29
:10CBB00001F149B241EA0400C0B2D871C0205875F1
:10CBC000528AC2F3C702DA7480221A7510221A75CB
:10CBD0001A755A7A1143C9B2597210BD506980B1A1
:10CBE00000209874108AC0F3C7001874402058744D
:10CBF0000820587458740120DC7988402043C0B262
:10CC0000D8719369002BE8D000200C4B5875528ADC
:10CC1000C2F3C702DA7480221A7510221A751A75C7
:10CC20000122587A02FA01F10143D4E70028D4D155
:10CC3000DA7942F00102DA71CFE700BF004001402B
:10CC4000002208B50B4BDA715A724268D2681AB1E9
:10CC5000DA7A42F00802DA72074B0021C360FFF76C
:10CC600081FF0122034B5A70DA7A42F00102DA7234
:10CC700008BD00BF00400140E8E9000870B50D4B59
:10CC80000021DA79402602F00102DA71082401223B
:10CC90008025102059729A730132D2B2042A9974F5
:10CCA0005E745C745C7459751D7518751875F2D1D5
:10CCB00070BD00BF004001400C4B01F00F029A73A1
:10CCC00041B95A7C52070ED4D87910F0010018BF30
:10CCD00002207047187D10F0200004D15B7A1341C8
:10CCE00013F0010FF3E70120704700BF004001403F
:10CCF0000C4B01F00F029A7341B95A7C52070ED4C3
:10CD0000D87910F0010018BF02207047587C10F04D
:10CD1000100004D1DB79134113F0010FF3E7012078
:10CD2000704700BF0040014001F00F03054901EBCF
:10CD3000830102F10803087802F8010B9342FAD14B
:10CD4000704700BF204001404822044B01F00F0112
:10CD500099735A74002380F83430704700400140C2
:10CD600010B501F00F0400EB8101CB6899690A68E6
:10CD700072B1588A1318013BB3FBF0F39BB20B82DC
:10CD8000064B9C7334B11A7D02F0FE021A7510BD79
:10CD90000123F4E740225A74F9E700BF0040014044
:10CDA00000EB810311F00F0170B508BF4025DC686E
:10CDB00008BF124B626904BF99735D74238A1568BA
:10CDC0000F4CAB4228BF2B461361926804EB8104E1
:10CDD000D518AA4205D1094A917331B10123537480
:10CDE00070BD12F8016B2670F3E7517CC168098AA7
:10CDF0008B422CBF02230A23F1E700BF0040014011
:10CE000020400140054B01F00F01997311B1202220
:10CE10001A75704760225A74704700BF0040014085
:10CE2000044B01F00F01997311B110225A7470472D
:10CE30006022FBE700400140044B01F00F019973B1
:10CE400011B180221A757047597470470040014033
:10CE5000044B01F00F01997311B140225A747047CD
:10CE6000597470470040014003091CBF1846042351
:10CE700082081EBF10460233DBB242081CBF0133DA
:10CE8000DBB2184670470246002330B50C18A242A8
:10CE900001D1435430BD12F8015B2B44DBB2F6E7FD
:10CEA00030B5044693B00D464422002101A8F3F7A3
:10CEB000E7FB8CB16B1E422B0ED82A46214601A8F7
:10CEC000F3F768FB294601A8FFF7DDFF691C01A8FD
:10CED00000F0B4FE13B030BD0020FBE700487047FF
:10CEE000CC11002000487047D01100200048704746
:10CEF000CD110020014BD878704700BFCC11002025
:10CF0000002330B585B0CDE90133ADF80C30A12355
:10CF10008DF8043028B10368CDF805304368CDF8AA
:10CF20000930144D144B2868144C003043F00103B1
:10CF300018BF012098472368BBB12B689847236826
:10CF400098422B680CD398472368C01AB0F57A7FB3
:10CF500094BF0020012040B10023236005B030BD04
:10CF600098472368DB431844F0E7092101A8FFF73D
:10CF700097FFF3E7B03A0020BCEA0008443A0020EB
:10CF80002DE9F04F0D46064697B01022002102A869
:10CF9000F3F776FB1E2D28BF1E25002E00F016810C
:10CFA00006AA3346904606F11807144618685968D1
:10CFB000083303C4BB422246F7D14FF0000918687A
:10CFC000C246206099889B79A180A37133784C4632
:10CFD0000093844B00991A788A421BBF0A460127A6
:10CFE00000271A705FFA89F39D420AF1010A00F2E4
:10CFF0009E8000214FF0010B0DF10909CBB29C423C
:10D0000000F29E80434606F1180C1A46306871689B
:10D01000083603C266451346F7D14FF001094FF0B9
:10D02000000B30681060B188B2796F4E99809A71A8
:10D0300006F1060AC646009B0DF1380C8DF8183033
:10D04000BEE80F00ACE80F009EE80F00ACE8070058
:10D0500000222CF8023B1B0C8CF800301346D1B296
:10D06000A14238D200230DF1380C5FFA83FEAE45A1
:10D0700019469CF8010004D201330CF1010C002880
:10D08000F3D00192FFF7F0FE40EAC100C3B2D90825
:10D09000A942019A0BD216A803F0070C084409FA1A
:10D0A0000CFE10F81FCC2CEA0E0C00F81FCC3078C8
:10D0B00001329842D3D1A9420BD216AA114403F0EF
:10D0C000070209FA02F011F83F2C22EA000201F8E7
:10D0D0003F2C013CE4B2327801369A421CBF06F87C
:10D0E00001BC0127B245A5D1002F72D10DF1090273
:10D0F0000E2314463D4911F8015B12F8010B8542DD
:10D100006BD0A2230F2102A88DF80830FFF7C8FECC
:10D110002346364A0DF1150153F8040B8B4242F8B1
:10D12000040BF9D11B88138017B0BDE8F08F9AF873
:10D130000000F3F773F80444E4B209F1010951E780
:10D14000424600235FFA83FC65459A46507803D92E
:10D15000013301320028F5D0FFF786FE40EACA000D
:10D16000C0B2C208AA420BD216AB134413F83FCC8C
:10D1700000F0070E0BFA0EFE2CEA0E0C03F83FCC63
:10D18000DFF864C00623E6461EF801AB82450CD0EA
:10D19000013B13F0FF03F7D11CF801EBBEF1000FC8
:10D1A00005D101270F4A13449870013126E7013356
:10D1B000062BF1D16F28F8D819F8023000F00700DB
:10D1C0000BFA00F0184309F80200EEE7054B1E6069
:10D1D0005E600448FFF794FE88E7013B13F0FF030D
:10D1E00089D1A1E79C3B00209E3B00202D3A0020E6
:10D1F000002307B50193A3238DF8043010B10388F1
:10D20000ADF80530032101A8FFF74AFE03B05DF831
:10D2100004FB002307B5ADF804308DF80630A423D5
:10D220008DF8043010B103788DF80530022101A883
:10D23000FFF736FE03B05DF804FB002307B500934B
:10D24000CDF80330A8238DF8003028B10368CDF85D
:10D25000013003798DF8053006216846FFF720FE7E
:10D2600003B05DF804FB30B5054687B015220021F8
:10D270006846F3F705FA2846F3F718FCC4B2122CF7
:10D280000ED8A923294622460DF102008DF8003060
:10D290008DF80140F3F77EF9A11C6846FFF700FE08
:10D2A00007B030BD002307B532288DF8063023D0F3
:10D2B00010D8302819D01CD8112813D0A6238DF8E7
:10D2C0000500022101A88DF80430FFF7E9FD03B045
:10D2D0005DF804FB342815D011D33528EED10B4B63
:10D2E000052204E0094AD370E8E70622074BDA700A
:10D2F000E4E7064B0122FAE7044B0222F7E7034B6F
:10D300000322F4E7014B0422F1E700BFCC11002017
:10D3100084B070B504AC84E80F00184C003044F0C1
:10D32000010418BF0120A0470598154E003018BF12
:10D330000120A047069804AD003018BF0120A04787
:10D340000798003018BF0120A0470FCD34460FC406
:10D3500095E8070084E8070000F05EFC3368984712
:10D36000F3F7E0F9442200210648F3F789F9BDE814
:10D370007040702004B0FFF795BF00BFBCEA000802
:10D38000B03A0020CC3A00202DE9FF47824C80467D
:10D390002068824E003018BF012046F00106B047D9
:10D3A00000F0A6FC032814D8DFE800F087027180A3
:10D3B000236898477A4D2B689842236862D3984730
:10D3C0002B68C01A774B1B78834202D2022000F0F0
:10D3D00095FCE068744F003018BF0120B0476068CA
:10D3E000DFF8CC91003018BF0120B047E3689847C0
:10D3F000002800F0FE80636898473B68012B00F02E
:10D40000C180002B00F09F80022B00F0DD805A1CB1
:10D410003A60664A09F803001578013DEDB21570CF
:10D42000002DE3D12A46294661488B4240F02881ED
:10D4300019F80330934222D15E4BA0681A8800305D
:10D440009B7818BF0120ADF804208DF80630B04756
:10D45000A368032101A89847A369002B40F03981F4
:10D4600099F800305D2B00F0F68100F20F815B2B04
:10D4700000F0978100F2EA815A2B00F08D810023A1
:10D480003B60B3E798472B68DB4318449AE74A4A66
:10D490004A49137809780133DBB29942137003D2F9
:10D4A0000023137000F012FC002090E700F00EFC47
:10D4B0000020414B187000F021FC414F384600F02D
:10D4C000F3FB8146002884D0A0683C4D003018BF93
:10D4D0000120B0470A22334B1A7028222A703A786A
:10D4E000A13A072A07D8DFE802F00404040404186C
:10D4F000060405221A70A3681FFA89F1304898477C
:10D500002B78F3B12068003018BF0120B0472368A2
:10D510009847234B1860012059E77B78522B0BD892
:10D52000512B02D2303B052BE5D8B8F1000FE2D0E9
:10D53000244B83F80080DEE7532BDCD101232B70D2
:10D54000D9E7032043E761280ED8602805D2A0F16F
:10D550005A03DBB2042B3FF649AF012389F80000E0
:10D560003B600222114B0BE0AA2803D0AF287FF4C6
:10D570003DAFF2E7012311223B600C4B89F800001C
:10D580001A7033E70223094A3B60137889F80100D7
:10D59000013B13702AE700BFB03A0020BCEA000844
:10D5A000983B0020D21100203C3A0020403A002055
:10D5B000503B002073DD0008943B0020D311002075
:10D5C000CC3A00202C3A002099F80020612A47D15B
:10D5D00099F801200D2A7FF41AAF0A287FF417AFBB
:10D5E00000F086FB012802D1032000F087FB002316
:10D5F0003B60A54D23682A68A44EA54F002A00F081
:10D600003F8198473B6898422368C0F0348198472F
:10D610003B68C01A2B68834211D800F07FFB70B9B9
:10D620009C4B216843F001039B489847B378362B05
:10D6300003D923689847994B186000232B60B3786F
:10D640005BB900F07DFB40B1954A1378092B04D8F3
:10D65000013370201370FFF725FE04B0BDE8F0879A
:10D66000AF2A7FF4D4AE99F80120602A7FF4CFAEC0
:10D6700003233B608B4B89F8020001301870B5E63C
:10D6800010F801CB01316244D2B2CEE6602B00F03B
:10D69000E78007D85E2B7FF4F2AE99F801207B4B30
:10D6A0005A71ECE6AA2B1BD0AF2B7FF4E8AE99F8A9
:10D6B0000250402D3FF6E3AE2A467B497B48F2F705
:10D6C00069FF6369002B3FF4DAAE29467748984733
:10D6D000D5E639784846984700287FF4C1AE88E7F8
:10D6E00000236846D9F80D20CDE901330393009259
:10D6F00010F8011B4D40082115F0800F01F1FF319A
:10D700004FEA450518BF85F0190511F0FF01EDB28C
:10D71000F2D10133042BEBD165490C238A4619352C
:10D72000EDB20878013B401B13F0FF0301F8010B39
:10D73000F7D1604914230D4651F8040B10B1824211
:10D740003FF49DAE013B13F0FF03F5D114205A497D
:10D750000B7845F823200133B3FBF0F200FB1233C2
:10D76000564D0B700C2201A92846F2F7DFFE40B996
:10D77000DAF800302B60DAF804306B60DAF8083041
:10D78000AB600C224A494D48F2F7D0FE00287FF4E6
:10D7900076AE424B186072E699F801203B4B5A7006
:10D7A0006DE699F80130313B062B3FF668AE01A2D9
:10D7B00052F823F0D1D70008E3D700081DD800089D
:10D7C0007FD400087FD400082DD800083DD8000879
:10D7D0003B4B1B7843457FF452AE01222B4B1A7012
:10D7E0004DE6374B1B7843457FF449AE0222206853
:10D7F000264B00301A7018BF0120B04723689847A5
:10D80000F2F790FFF2F7C0FF44F6206390FBF3F2CB
:10D8100002FB13001C4B00F57A70BBE7284B1B780A
:10D8200043457FF42CAE194B0322D8E7244B1B78D9
:10D8300043457FF424AE154B0522D0E7204B1B78DF
:10D8400043457FF41CAE114B0422C8E799F8012030
:10D850000E4B1A7113E699F801200C4B9A700EE6E4
:10D860002369002B3FF40BAE99F80100421E504291
:10D870005041984703E698473B68DB431844C9E6A4
:10D8800098473860DBE600BFA83A0020CC110020A2
:10D89000AC3A00200CEA0008A1CE0008443A00206F
:10D8A000413A0020403A0020533B0020103B00202A
:10D8B000513B0020483A0020983A0020993A002035
:10D8C0002C3A002010B15520FFF7ECBC5620FBE7A6
:10D8D00010B15720FFF7E6BC5820FBE71120FFF7F7
:10D8E000E1BC30B5044687B031200D46FFF7DAFCC5
:10D8F000CCB101AC132200212046F2F7C1FE28462C
:10D90000F3F7D4F8C0B2122828BF12200023DAB2ED
:10D9100090420AD85220FFF7C5FC2046FFF7A3FC2F
:10D920005120FFF7BFFC07B030BDEA5CE254013381
:10D93000EDE730B5044687B032200D46FFF7B2FC64
:10D94000CCB101AC132200212046F2F799FE284603
:10D95000F3F7ACF8C0B2122828BF12200023DAB2C5
:10D9600090420AD85220FFF79DFC2046FFF77BFC2F
:10D970005120FFF797FC07B030BDEA5CE254013359
:10D98000EDE730B5044687B033200D46FFF78AFC3B
:10D99000CCB101AC132200212046F2F771FE2846DB
:10D9A000F3F784F8C0B2122828BF12200023DAB29D
:10D9B00090420AD85220FFF775FC2046FFF753FC2F
:10D9C0005120FFF76FFC07B030BDEA5CE254013331
:10D9D000EDE730B5044687B034200D46FFF762FC12
:10D9E000CCB101AC132200212046F2F749FE2846B3
:10D9F000F3F75CF8C0B2122828BF12200023DAB275
:10DA000090420AD85220FFF74DFC2046FFF72BFC2E
:10DA10005120FFF747FC07B030BDEA5CE254013308
:10DA2000EDE730B5044687B035200D46FFF73AFCE8
:10DA3000CCB101AC132200212046F2F721FE28468A
:10DA4000F3F734F8C0B2122828BF12200023DAB24C
:10DA500090420AD85220FFF725FC2046FFF703FC2E
:10DA60005120FFF71FFC07B030BDEA5CE2540133E0
:10DA7000EDE730B50C468FB005463122002101A8F4
:10DA8000F2F7FEFD2E2C0ED8AB23294622460DF1CF
:10DA900006008DF804308DF80540F2F77BFDA11CDF
:10DAA00001A8FFF7FDF90FB030BD30B50C468FB0BF
:10DAB00005463122002101A8F2F7E2FD2E2C0ED8F6
:10DAC000AC23294622460DF106008DF804308DF86E
:10DAD0000540F2F75FFDA11C01A8FFF7E1F90FB0C7
:10DAE00030BD002307B5ADF80430AD2340EA014155
:10DAF000CDF80110684605218DF80030FFF7D0F908
:10DB000003B05DF804FB00002DE9F04180468CB0C5
:10DB100030200F4615461E469DF85440FFF7C2FBC5
:10DB2000B8F1000F2ED000212E226846F2F7A8FD92
:10DB30001F4B2E2D29469DF848509B7828BF2E213B
:10DB40002E2D28BF2E252F2B2BD854BB234649081A
:10DB5000DAB2914219D86846FFF78BFF00236908B3
:10DB6000DAB2914217D86846FFF79FFFBDF8501010
:10DB7000BDF84C00FFF7B5FF5220FFF793FB512093
:10DB8000FFF790FB0CB0BDE8F08117F813200DF8FB
:10DB900003200133DCE716F813200DF803200133CE
:10DBA000DEE73846FFF765FF29463046DCE700BF71
:10DBB000CC11002030B50C4693B00546442200211C
:10DBC00001A8F2F75DFD402C0FD846F2AF132946AD
:10DBD00022460DF10700ADF804308DF80640F2F74B
:10DBE000D9FCE11C01A8FFF75BF913B030BD0000C0
:10DBF00008B500F093F838B9044B9B781BB153205B
:10DC0000FFF750FB012008BD0020FCE7CC110020ED
:10DC100000F07AB800F094B8054B064A06495A60FD
:10DC2000C2E90011C3E90222002219611A7070478B
:10DC30007443002088430020A43B00202DE9F843D2
:10DC4000174C8846D4E9017607F59C794E45E36880
:10DC500004D19F4206D10020BDE8F88306F10802F6
:10DC60009342F7E70F4A216902F2CF735B1A312B17
:10DC700098BF2261B8F1320FEDD8256901464246BE
:10DC80002846F2F787FC4E4535604544756018BF5D
:10DC9000083625610CBFA760A6600120DCE700BF45
:10DCA00074430020A43B0020074A10B5D368926853
:10DCB000934207D0D3E90014641A2246F2F76AFCB3
:10DCC000204610BD0024FBE774430020074BD3E936
:10DCD00002128A4208D0596801F59C70824201D133
:10DCE000D96070470832DA60704700BF7443002083
:10DCF000014B1878704700BF74430020014B187027
:10DD0000704700BF74430020034BD8689B68C01A5B
:10DD100018BF0120704700BF74430020074AD2E9B2
:10DD20000113D06801F59C72934204D1814214BF63
:10DD300000200120704708339842F8E77443002020
:10DD4000034BD8689B68C31A58425841704700BFBC
:10DD500074430020B9910008A9940008BD940008FC
:10DD6000D1940008C5220008E52100080000000049
:10DD7000800065610D0A0000002020202020202066
:10DD8000202028282828282020202020202020206B
:10DD9000202020202020202020881010101010107B
:10DDA00010101010101010101004040404040404C7
:10DDB0000404041010101010101041414141414161
:10DDC0000101010101010101010101010101010143
:10DDD0000101010110101010101042424242424253
:10DDE0000202020202020202020202020202020213
:10DDF00002020202101010102000000000000000BB
:10DE00000000000000000000000000000000000012
:10DE10000000000000000000000000000000000002
:10DE200000000000000000000000000000000000F2
:10DE300000000000000000000000000000000000E2
:10DE400000000000000000000000000000000000D2
:10DE500000000000000000000000000000000000C2
:10DE600000000000000000000000000000000000B2
:10DE7000000000000000000000000000040C002072
:10DE80000000000000000000000000000000000092
:10DE90000000000000000000000000000000000082
:10DEA0000000000000000000000000000000000072
:10DEB0000000000000000000000000000000000062
:10DEC0000000000000000000000000000000000052
:10DED0000000000000000000000000000000000042
:10DEE00046006C006F007700320040004C006F006D
:10DEF0006600720065006500000020000000466CAE
:10DF00006F77322D313030404C6F66726565004658
:10DF10006C6F7732404C6F667265652042543400F6
:10DF2000466C6F7732404C6F66726565204254359F
:10DF30000000000000080040010800400208004006
:10DF400003080040050000400408004005080040A8
:10DF500000040040010400400A0400400B0400409B
:10DF60000C0400400D0400400E0400400F0400406B
:10DF700006080040070800400F0000400948032140
:10DF800081620C21C162084890F81003074900F033
:10DF90000F000A68824200D008600020401C23283D
:10DFA000FCDB70470000014000F0FF1F040401404B
:10DFB0000748032181620C21C1620648016801F013
:10DFC0000F01082901D90821016000BF00BF704777
:10DFD0000000014004040140000000400100004036
:10DFE0000200004003000040040000400D08004013
:10DFF00006000040070000400808004000152029E6
:10E0000030373E44494F54595E62676B7074787C78
:10E010008083878B8E9295999CA0A3A6A9ACB0B360
:10E02000B6B9BCBFC2C5C7CACDD0D3D5D8DBDDE039
:10E03000E3E5E8EBEDF0F2F5F7FAFCFFFFFCFAF7A9
:10E04000F5F2F0EDEBE8E5E3E0DDDBD8D5D3D0CDBC
:10E05000CAC7C5C2BFBCB9B6B3B0ACA9A6A3A09C81
:10E060009995928E8B8783807C7874706B67625EE3
:10E0700059544F49443E37302920150040420F0083
:10E08000352E00080000000000000000610D0A00AD
:10E0900080FF65002900BE00BD000B7EB400037840
:10E0A0000478AC00AE00AB00A800AA00A9004C00A8
:10E0B0004A004D004B004E0035001E001F0020009E
:10E0C00021002200230024002500260027002D0027
:10E0D0002E002A0053005400550056002B00140057
:10E0E0001A000800150017001C0018000C00120090
:10E0F00013002F00300031005F0060006100570006
:10E10000390004001600070009000A000B000D008A
:10E110000E000F0033003400460028005C005D0054
:10E120005E000000E10000001D001B000600190059
:10E13000050011001000360037003800E5005200DD
:10E1400059005A005B005800E000E200E3000000C4
:10E15000000000002C0000000000E7002152E60053
:10E16000500051004F0062006300000001003A00BF
:10E170003B003C003D003E003F00400041004200AB
:10E180004300440045000C7E010001000100010035
:10E190000100017E027E037E047E01000100010079
:10E1A00001000100010001000100255201000100F1
:10E1B00001000100007E01000100010001000100DA
:10E1C0000100010001000100010001000100010047
:10E1D0000100010001000100010001000100010037
:10E1E0000100010001000100010001000100010027
:10E1F000460001000100010001000000245200005F
:10E200000100010001000100137002520000010032
:10E2100001000100010001000100010001000100F6
:10E22000010001000100000000000000117E00005C
:10E2300000000100010001000E7E0100127E0100BD
:10E240000100000029003A003B003C003D003E0078
:10E250003F004000410042004300440045004C00A4
:10E260004A004D004B004E0035001E001F002000EC
:10E2700021002200230024002500260027002D0075
:10E280002E002A0053005400550056002B001400A5
:10E290001A000800150017001C0018000C001200DE
:10E2A00013002F00300031005F0060006100570054
:10E2B000390004001600070009000A000B000D00D9
:10E2C0000E000F0033003400460028005C005D00A3
:10E2D0005E000000E10000001D001B0006001900A8
:10E2E000050011001000360037003800E50052002C
:10E2F00059005A005B005800E000E300E200000013
:10E30000000000002C0000000000E6002352E400A2
:10E31000500051004F006200630000000100BE0089
:10E32000BD000B7EB40003780478AC00AE00AB00F7
:10E33000A800AA00A9000C7E010001000100010054
:10E340000100017E027E037E047E010001000100C7
:10E35000010001000100010001002552010001003F
:10E3600001000100007E0100010001000100010028
:10E370000100010001000100010001000100010095
:10E380000100010001000100010001000100010085
:10E390000100010001000100010001000100010075
:10E3A000B200010001000100010000002452000041
:10E3B0000100010001000100137000000052010083
:10E3C0000100010001000100010001000100010045
:10E3D000010001000100000000000000117E0000AB
:10E3E00000000100010065000E7E0100127E0100A8
:10E3F00001000000007C010001000100010001009B
:10E400000100010001000100010001000100010004
:10E410000100010001000100010001000F7E010068
:10E4200001000100010001000100010001000100E4
:10E430000100037C01000100010001000100010056
:10E4400001000100010001000100010001000100C4
:10E4500001000100010001000100010001000100B4
:10E4600001000100010001000100010001000100A4
:10E470000100010001000100010001000100010094
:10E480000100000001000000010001000100010086
:10E490000100010001000100010001000100010074
:10E4A0000100010001000100010001000100000065
:10E4B0000000000001000000000001000100010058
:10E4C0000100010001000100010000000100010045
:10E4D0000100010001000100010001000100010034
:10E4E0000100010001000100010001000100010024
:10E4F0000100010001000100010001000100010014
:10E500000100010001000100010001000100010003
:10E5100001000100010001000100010001000100F3
:10E5200001000100010001000100010001000100E3
:10E5300001000100010001000100010001000100D3
:10E5400001000100010001000100010001000100C3
:10E55000010001000100010001000000037C000037
:10E5600001000100010001000100010001000100A3
:10E570000100010001000100010001000100010093
:10E580000100010001000000000000000100000087
:10E590000000010001000100010001000100010074
:10E5A00001000000E200E900EA00B500B600B70093
:10E5B000CD008301CC008A01920194012102230243
:10E5C00024022502260227022A02B300B4006F00AB
:10E5D00070009F01CB019F02A002E200E900EA0067
:10E5E000B500B600B700CD008301CC008A019201CE
:10E5F00094012102230224022502260227022A0274
:10E60000B300B4006F0070009F01CB019F02A00215
:10E6100000080040010800400208004003080040D4
:10E6200005000040040800400508004000040040C8
:10E63000010400400A0400400B0400400C040040A8
:10E640000D0400400E0400400F0400400608004086
:10E65000070800400F00004000000040010000409B
:10E660000200004003000040040000400D0800408C
:10E67000000000000000000000000000000000009A
:10E68000000000000000000000000000000000008A
:10E6900000000000000000002A2B280000000000FD
:10E6A0000000000000000000000000290000000041
:10E6B0002C1E3420212224342627252E362D3738AF
:10E6C000271E1F202122232425263333362E3738B8
:10E6D0001F0405060708090A0B0C0D0E0F10111276
:10E6E000131415161718191A1B1C1D2F3130232D42
:10E6F000350405060708090A0B0C0D0E0F10111240
:10E70000131415161718191A1B1C1D2F3130354CF0
:10E71000000000007E0F00D4FFFFFFC7000000785C
:10E720009D96000805960008E5940008000000008A
:10E730005DE7000876E7000896E70008B8E70008FC
:10E7400022E8000844E800084422B609025B0003FE
:10E750000100A0FA090400000103010100092111D0
:10E76000010001224400070581030800010904019A
:10E77000000203000000092111010001222200070C
:10E78000058203200001070502032000010904029D
:10E7900000010300000009211101000122B6000759
:10E7A00005830320000112010002000000408D38A3
:10E7B000030014000102030105010906A101050778
:10E7C00019E029E7150025019508750181029501D9
:10E7D000750881010507190029FF150026FF00951E
:10E7E0000675088100050819012905150025019500
:10E7F0000575019102950175039101C00403090497
:10E800000403200000001A0346006C006F0077002C
:10E81000320040004C006F00660072006500650029
:10E8200000000660FF0961A1010962150026FF00D2
:10E830009520750881020963150026FF0095207553
:10E84000089102C005010902A10185020901A10088
:10E85000050919012908150025019508750181028E
:10E860000501093009311581257F9502750881065A
:10E8700009381581257F950175088106050C0A3830
:10E88000021581257F950175088106C0C005010923
:10E8900080A101850319012AB700150126B700954B
:10E8A0000175108100C0050C0901A1018504190141
:10E8B0002AA002150126A002950175108100C0054D
:10E8C000010906A1018506050719E029E7150025BC
:10E8D000019508750181020507190029EF1500252A
:10E8E0000195F07501810205081901290595057545
:10E8F000019102950175039101C0303132333435F5
:10E9000036373839414243444546000084F1000817
:10E91000E4490020E4490020E449002084F1000893
:10E9200000000000000000000000000084F100086A
:10E9300000000000000000000000000084F100085A
:10E9400000000000000000000000000084F100084A
:10E9500000000000000000000000000084F100083A
:10E9600000000000000000000000000084F100082A
:10E9700000000000000000000000000084F100081A
:10E9800000000000000000000000000063300000F4
:10E990008CE9000800390020103A00206D61696E92
:10E9A0000069646C6500000000000000E5B000082C
:10E9B000D5B0000805B10008F5B00008FFB00008A8
:10E9C000EFB00008DFB00008CFB000080FB10008BA
:10E9D00000000100000065786974006B696C6C00D0
:10E9E0000096000003000000000000003DB5000894
:10E9F000DDC6000839C7000840004000103A00207A
:10EA0000103A002001000000243A0020F0B587B041
:10EA10000446204D8847AA218DF800108DF80D007E
:10EA2000010A8DF80E10010C8DF80F10010E8DF8F3
:10EA3000101000216B466A5C5E18491CC9B27270E6
:10EA40000C29F8D300210426192505AF0A465B1CC2
:10EA50000590B85C414000205FEA016C02D585EA70
:10EA6000410100E04900401CC0B2C9B20828F3D3FC
:10EA7000521CB242EDD31931CAB20021585C104485
:10EA80005854491CC9B20C29F8D311216846A04733
:10EA900007B0F0BD04F2FF1F0000000000000000FE
:10EAA0000000000000000000000000000000000066
:10EAB0000000000001000000B01F32680549D1F8D5
:10EAC0000012054A114010B10448814200D0FEE70F
:10EAD0007047000000F0FF1FFF3F00F0802900306A
:10EAE0005245454E54206D616C6C6F6320737563A5
:10EAF00063656564656400002E2E2F2E2E2F2E2E4A
:10EB00002F2E2E2F2E2E2F2E2E2F2E2E2F2E2E2F1F
:10EB10006E65776C69622F6C6962632F7374646CC5
:10EB200069622F72616E642E630000002C2066758E
:10EB30006E6374696F6E3A20000000006173736544
:10EB40007274696F6E2022257322206661696C657C
:10EB5000643A2066696C6520222573222C206C693A
:10EB60006E65202564257325730A0000232D302B44
:10EB700020000000686C4C00656667454647000051
:10EB800030313233343536373839414243444546E3
:10EB900000000000303132333435363738396162A5
:10EBA00063646566000000009C16FF7F01000000A2
:10EBB000040C002000000000C0DE0008A0DE0008F9
:10EBC00080DE0008000000000000000000000000DF
:10EBD0000000000000000000000000000000000035
:10EBE0000000000000000000000000000000000025
:10EBF0000000000000000000000000000000000015
:10EC00000000000000000000000000000000000004
:10EC1000000000000322000821210008472100080D
:10EC200065210008A12100080100000060EA000041
:10EC300080250000030000001027000001000000F4
:10EC4000FFFF0000000100000000000000000000C5
:10EC500000000000000000000000000000000000B4
:10EC600000000000000000000000000000000000A4
:10EC700000000000E8240020F0240020216F00089C
:10EC80000601140A1E0150082803010200000100B9
:10EC90000096000003000000BD9000085599000890
:10ECA0006B990008759900087F9900080000000022
:10ECB0000000000002000000000000000000000052
:10ECC0000000000000000000000000000000000044
:10ECD0000000000000000000000000000000000034
:10ECE0000000000000000000000000000000000024
:10ECF000000000000600000000000000000000000E
:10ED00000300000000000000000000000000000000
:10ED100000000000000000000000000000000000F3
:10ED200000000000000000000000000000000000E3
:10ED300000000000000000000000000000000000D3
:10ED400003000000000000000000000000000000C0
:10ED500000000000000000000000000000000000B3
:10ED600000000000000000000000000000000000A3
:10ED70000000000000000000000000000000000093
:10ED80000000000000000000000000002000000063
:10ED9000940D0020E00D00203D9F00081D9F0008FD
:10EDA000539F000835A0000851A000085DA000088E
:10EDB000000000000000000004000000000000004F
:10EDC0000000000000000000000000000000000043
:10EDD0000000000000000000000000000000000033
:10EDE0000000000000000000000000000000000023
:10EDF0000000000000000000030000000000000010
:10EE000000000000060000000000000000000000FC
:10EE100000000000000000000000000000000000F2
:10EE200000000000000000000000000000000000E2
:10EE300000000000000000000000000000000000D2
:10EE400000000000200000000000000000000000A2
:10EE5000FC0C0020480D0020000E002000000000E7
:10EE60004C0E00200000000000000000980E002062
:10EE7000999F0008719F0008B59F0008ADA0000889
:10EE8000D1A00008E9A00008000000000000000078
:10EE90000000000000000000000000000000000072
:10EEA0000000000000000000000000000000000062
:10EEB0000000000000000000000000000000000052
:10EEC0000000000000000000000000000000000042
:10EED00008000000D80E0020240F00203D9F0008ED
:10EEE0001D9F0008539F000835A0000851A000088E
:10EEF0005DA000080102000000000000000000000A
:10EF00000000000000000000000000000000000001
:10EF100000000000000000000000000000000000F1
:10EF200000000000000000000000000000000000E1
:10EF300003000000000000001D9D0008000000000C
:10EF4000200000000000000000000000020000009F
:10EF500000000000000000000000000000000000B1
:10EF600000000000000000000000000000000000A1
:10EF70000000000000000000000000000000000091
:10EF80009049002003000000040000002000000061
:10EF9000D03700200000000000000000BC0E002060
:10EFA0000000000000000000000000000000000061
:10EFB0000000000000000000000000000000000051
:10EFC0000000000000000000000000000000000041
:10EFD000000000000000000003000000000000002E
:10EFE0001D9D000800000000080000000000000057
:10EFF000000000000200000000000000000000000F
:10F000000000000000000000000000000000000000
:10F0100000000000000000000000000000000000F0
:10F0200000000000000000009049002001000000E6
:10F0300004000000080000008036002000000000EE
:10F0400000000000280F0020000000000000000069
:10F0500000000000000000000000000000000000B0
:10F0600000000000000000000000000000000000A0
:10F070000000000000000000000000000000000090
:10F0800003000000000000001D9D0008B39D000863
:10F09000200020000000000000000000020000002E
:10F0A0000000000000000000000000000000000060
:10F0B0000000000000000000000000000000000050
:10F0C000000000000000000000000000010000003F
:10F0D0009049002002000000040000002000000011
:10F0E000B03600200000000000000000E40D002009
:10F0F0000000000000000000000000000000000010
:10F1000000000000000000000000000000000000FF
:10F1100000000000000000000000000000000000EF
:10F1200000000000000000000000000000000000DF
:10F1300000000000000000000000000000000000CF
:10F1400000000000000000000000000000000000BF
:10F1500000000000000000000000000000000000AF
:10F160009049002002000000040000002000000080
:10F17000403700200000000000A24A040000000008
:04F1800064640A2891
:00000001FF
